#,"Country,Other",TotalCases,NewCases,TotalDeaths,NewDeaths,TotalRecovered,NewRecovered,ActiveCases,"Serious,Critical",Tot Cases/1M pop,Deaths/1M pop,TotalTests,Tests/,1M pop,,Population,Continent,1 Caseevery X ppl1 Deathevery X ppl1 Testevery X ppl,New Cases/1M pop,New Deaths/1M pop,Active Cases/1M pop
,,North America,,"103,258,063","+1,688","1,479,802",+11,"97,104,243","+4,032","4,674,018","8,172",,,,,,North America,,,,,,,
,,Asia,,"159,048,701","+123,013","1,435,349",+164,"153,097,659","+168,548","4,515,693","10,565",,,,,,Asia,,,,,,,
,,South America,,"58,506,075",+396,"1,301,112",,"55,484,654",+497,"1,720,309","10,530",,,,,,South America,,,,,,,
,,Europe,,"198,869,376","+5,594","1,848,000",+87,"190,495,118","+78,092","6,526,258","5,764",,,,,,Europe,,,,,,,
,,Oceania,,"9,227,492","+31,944","13,090",+50,"8,873,559","+5,882","340,843",135,,,,,,Australia/Oceania,,,,,,,
,,Africa,,"12,207,688",,"255,338",,"11,414,180",,"538,170",988,,,,,,Africa,,,,,,,
,,,,721,,15,,706,,0,0,,,,,,,,,,,,,
,World,"541,118,116","+162,635","6,332,706",+312,"516,470,119","+257,051","18,315,291","36,154","69,420",812.4,,,,All,,,,,,,
1,USA,"87,424,846",,"1,036,084 ",,"83,245,798",,"3,142,964","2,800","261,144","3,095","1,040,105,263","3,106,865","334,776,423 ",North America,43230,,,"9,388"
2,India,"43,236,695",,"524,777 ",,"42,661,370",,"50,548",698,"30,743",373,"855,108,879","608,019","1,406,384,242 ",Asia,"332,6802",,,36
3,Brazil,"31,497,038",,"668,230 ",,"30,219,236",,"609,572","8,318","146,160","3,101","63,776,166","295,949","215,497,163 ",South America,73223,,,"2,829"
4,France,"29,858,393",,"148,841 ",,"29,242,524",,"467,028",869,"455,476","2,270","271,490,188","4,141,455","65,554,307 ",Europe,24400,,,"7,124"
5,Germany,"26,886,447",,"140,213 ",,"25,999,100","+59,200","747,134",631,"318,920","1,663","122,332,384","1,451,073","84,304,782 ",Europe,36011,,,"8,862"
6,UK,"22,410,583",,"179,274 ",,"22,045,389",,"185,920",188,"326,783","2,614","522,526,476","7,619,299","68,579,336 ",Europe,33830,,,"2,711"
7,Russia,"18,382,380","+2,797","380,137 ",+61,"17,801,569","+3,324","200,674","2,300","125,858","2,603","273,400,000","1,871,883","146,056,108 ",Europe,83841,19,0.4,"1,374"
8,S. Korea,"18,239,056","+9,768","24,390 ",+2,"18,028,899","+16,550","185,767",98,"355,157",475,"15,804,065","307,742","51,354,960 ",Asia,"32,1063",190,0.04,"3,617"
9,Italy,"17,664,043",,"167,432 ",,"16,879,683",,"616,928",193,"292,989","2,777","223,100,172","3,700,512","60,289,007 ",Europe,33600,,,"10,233"
10,Turkey,"15,072,747",,"98,965 ",,"14,971,256",,"2,526",975,"175,054","1,149","162,743,369","1,890,088","86,103,597 ",Asia,68701,,,29
11,Spain,"12,478,994",,"107,108 ",,"11,939,322",,"432,564",339,"266,702","2,289","471,036,328","10,067,034","46,789,983 ",Europe,44370,,,"9,245"
12,Vietnam,"10,732,429",,"43,083 ",,"9,562,523",,"1,126,823",53,"108,363",435,"85,820,575","866,512","99,041,436 ",Asia,"92,2991",,,"11,377"
13,Argentina,"9,313,453",,"128,994 ",,"8,895,999",,"288,460",344,"202,457","2,804","35,716,069","776,400","46,002,135 ",South America,53571,,,"6,271"
14,Japan,"9,061,936","+10,204","30,910 ",+19,"8,879,350","+18,570","151,676",61,"72,078",246,"54,915,428","436,794","125,723,891 ",Asia,"144,0672",81,0.2,"1,206"
15,Netherlands,"8,107,944",,"22,336 ",,"8,046,107",,"39,501",33,"471,157","1,298","21,107,399","1,226,563","17,208,579 ",Europe,27701,,,"2,295"
16,Australia,"7,660,547","+25,589","9,089 ",+31,"7,412,923",,"238,535",102,"293,787",349,"72,829,968","2,793,080","26,075,142 ",Australia/Oceania,"32,8690",981,1,"9,148"
17,Iran,"7,234,042",+162,"141,353 ",+1,"7,059,527",+274,"33,162",342,"84,035","1,642","52,298,398","607,533","86,083,213 ",Asia,126092,2,0.01,385
18,Colombia,"6,117,847",,"139,894 ",,"5,943,925",,"34,028",342,"117,793","2,694","35,175,528","677,268","51,937,378 ",South America,83711,,,655
19,Indonesia,"6,061,079",,"156,652 ",,"5,899,501",,"4,926","2,771","21,713",561,"99,626,689","356,897","279,147,249 ",Asia,"461,7823",,,18
20,Poland,"6,010,411",+321,"116,380 ",+9,"5,335,567",+7,"558,464",408,"159,149","3,082","36,417,882","964,303","37,766,035 ",Europe,63251,8,0.2,"14,787"
21,Mexico,"5,825,532","+1,688","325,205 ",+11,"5,092,901","+4,032","407,426","4,798","44,278","2,472","16,170,788","122,910","131,566,572 ",North America,234058,13,0.08,"3,097"
22,Ukraine,"5,014,929",,"108,605 ",,N/A,N/A,N/A,177,"116,024","2,513","19,521,252","451,639","43,223,130 ",Europe,93982,,,"19,626"
23,Portugal,"4,917,127",,"23,531 ",,"4,290,461","+9,089","603,135",61,"484,975","2,321","42,825,431","4,223,865","10,138,920 ",Europe,24310,,,"59,487"
24,Malaysia,"4,528,390",,"35,716 ",,"4,470,067",,"22,607",26,"136,511","1,077","60,355,132","1,819,445","33,172,274 ",Asia,79291,,,682
25,DPRK,"4,502,330","+32,810",72 ,,"4,444,480","+40,270","57,778",,"173,177",3,,,"25,998,461 ",Asia,"6361,090","1,262",,"2,222"
26,Thailand,"4,488,497","+1,833","30,371 ",+19,"4,436,684","+2,155","21,442","1,496","63,993",433,"17,270,775","246,231","70,140,482 ",Asia,"162,3094",26,0.3,306
27,Austria,"4,294,321",,"18,699 ",,"4,231,207",,"44,415",36,"471,576","2,053","188,792,612","20,732,065","9,106,310 ",Europe,24870,,,"4,877"
28,Israel,"4,189,858",,"10,882 ",,"4,149,569",,"29,407",150,"449,266","1,167","41,373,364","4,436,346","9,326,000 ",Asia,28570,,,"3,153"
29,Belgium,"4,170,252",,"31,816 ",,"4,090,549","+3,343","47,887",66,"356,807","2,722","34,197,937","2,925,980","11,687,686 ",Europe,33670,,,"4,097"
30,South Africa,"3,979,126",,"101,509 ",,"3,856,957",,"20,660",192,"65,486","1,671","25,504,687","419,743","60,762,580 ",Africa,155992,,,340
31,Czechia,"3,923,489",+459,"40,303 ",,"3,881,978",+275,"1,208",3,"365,057","3,750","55,467,981","5,160,962","10,747,604 ",Europe,32670,43,,112
32,Canada,"3,899,493",,"41,527 ",,"3,546,436",,"311,530",252,"101,588","1,082","62,220,040","1,620,923","38,385,559 ",North America,109241,,,"8,116"
33,Chile,"3,829,119",,"58,109 ",,"3,542,787",,"228,223",156,"197,019","2,990","39,436,831","2,029,140","19,435,247 ",South America,53340,,,"11,743"
34,Philippines,"3,693,608",,"60,461 ",,"3,630,050",,"3,097",440,"32,856",538,"30,440,249","270,780","112,416,830 ",Asia,"301,8594",,,28
35,Switzerland,"3,667,742",,"13,967 ",,"3,625,749","+1,526","28,026",44,"417,849","1,591","21,153,745","2,409,947","8,777,680 ",Europe,26280,,,"3,193"
36,Peru,"3,591,816",,"213,338 ",,"3,367,622",,"10,856",140,"106,063","6,300","31,020,248","916,001","33,864,868 ",South America,91591,,,321
37,Greece,"3,500,489",,"30,020 ",,"3,423,217",,"47,252",110,"339,060","2,908","83,576,762","8,095,305","10,324,103 ",Europe,33440,,,"4,577"
38,Taiwan,"3,003,501","+66,189","4,403 ",+123,"1,554,084","+89,264","1,445,014",,"125,666",184,"19,729,850","825,497","23,900,579 ",Asia,"85,4281","2,769",5,"60,459"
39,Denmark,"2,992,597",,"6,414 ",,"2,977,628",,"8,555",9,"513,146","1,100","127,533,042","21,868,338","5,831,858 ",Europe,29090,,,"1,467"
40,Romania,"2,912,878",,"65,714 ",,"2,842,802",,"4,362",48,"153,404","3,461","23,326,374","1,228,461","18,988,290 ",Europe,72891,,,230
41,Sweden,"2,510,930",,"19,016 ",,"2,486,355",,"5,559",6,"245,647","1,860","18,622,701","1,821,879","10,221,702 ",Europe,45381,,,544
42,Iraq,"2,330,049",,"25,223 ",,"2,303,357",,"1,469",9,"55,508",601,"18,647,439","444,228","41,977,141 ",Asia,"181,6642",,,35
43,Serbia,"2,020,596",,"16,101 ",,"2,000,165",,"4,330",10,"233,084","1,857","9,793,592","1,129,730","8,668,966 ",Europe,45381,,,499
44,Bangladesh,"1,954,243",,"29,131 ",,"1,905,337",,"19,775","1,328","11,641",174,"14,191,162","84,532","167,879,547 ",Asia,"865,76312",,,118
45,Hungary,"1,921,486",,"46,571 ",,"1,853,094",,"21,821",8,"199,891","4,845","11,394,556","1,185,368","9,612,671 ",Europe,52061,,,"2,270"
46,Slovakia,"1,791,426",+206,"20,119 ",+3,"1,769,494",+145,"1,813",17,"327,813","3,682","7,160,395","1,310,280","5,464,783 ",Europe,32721,38,0.5,332
47,Jordan,"1,697,271",,"14,068 ",,"1,682,962",,241,124,"163,198","1,353","16,834,239","1,618,665","10,400,076 ",Asia,67391,,,23
48,Georgia,"1,658,240",,"16,826 ",,"1,637,293",,"4,121",,"417,243","4,234","16,920,079","4,257,392","3,974,283 ",Asia,22360,,,"1,037"
49,Ireland,"1,570,519",,"7,383 ",,"1,547,727",,"15,409",22,"311,300","1,463","12,293,825","2,436,820","5,045,028 ",Europe,36830,,,"3,054"
50,Pakistan,"1,531,325",+54,"30,381 ",,"1,496,123",,"4,821",48,"6,680",133,"28,759,600","125,461","229,230,939 ",Asia,"1507,5458",0.2,,21
51,Norway,"1,437,343",,"3,210 ",,"1,429,621",,"4,512",20,"261,161",583,"11,002,430","1,999,111","5,503,661 ",Europe,"41,7151",,,820
52,Singapore,"1,343,645",,"1,398 ",,"1,263,653",,"78,594",3,"226,210",235,"23,877,882","4,019,980","5,939,801 ",Asia,"44,2490",,,"13,232"
53,Kazakhstan,"1,305,874",+7,"13,663 ",,"1,292,115",+6,96,24,"67,967",711,"11,575,012","602,445","19,213,392 ",Asia,"151,4062",0.4,,5
54,New Zealand,"1,248,852","+6,355","1,286 ",+19,"1,205,144","+5,878","42,422",,"249,666",257,"71,423,774","14,278,758","5,002,100 ",Australia/Oceania,"43,8900","1,270",4,"8,481"
55,Hong Kong,"1,219,912",,"9,390 ",,"1,197,195",,"13,327",5,"160,194","1,233","49,428,776","6,490,771","7,615,239 ",Asia,68110,,,"1,750"
56,Morocco,"1,176,165",,"16,082 ",,"1,154,116",,"5,967",293,"31,147",426,"11,743,336","310,990","37,761,188 ",Africa,"322,3483",,,158
57,Bulgaria,"1,167,147",,"37,204 ",,"1,063,059",,"66,884",29,"170,466","5,434","10,051,305","1,468,030","6,846,797 ",Europe,61841,,,"9,769"
58,Croatia,"1,139,835",,"16,019 ",,"1,122,161",,"1,655",6,"281,020","3,949","4,905,321","1,209,379","4,056,066 ",Europe,42531,,,408
59,Finland,"1,114,573",,"4,714 ",,N/A,N/A,N/A,21,"200,555",848,"10,977,262","1,975,233","5,557,453 ",Europe,"51,1791",,,"191,429"
60,Cuba,"1,105,631",,"8,529 ",,"1,096,934",,168,23,"97,729",754,"13,852,049","1,224,417","11,313,177 ",North America,"101,3261",,,15
61,Lebanon,"1,101,247",,"10,446 ",,"1,087,510",,"3,291",186,"162,761","1,544","4,795,578","708,772","6,766,038 ",Asia,66481,,,486
62,Lithuania,"1,064,279",+210,"9,155 ",,"1,037,554",+153,"17,570",5,"401,842","3,457","9,993,449","3,773,251","2,648,498 ",Europe,22890,79,,"6,634"
63,Tunisia,"1,043,540",,"28,648 ",,N/A,N/A,N/A,29,"86,536","2,376","4,640,840","384,842","12,059,066 ",Africa,124213,,,-983.82
64,Slovenia,"1,028,943",+561,"6,645 ",+1,"1,018,400",+381,"3,898",7,"494,805","3,195","2,674,408","1,286,087","2,079,493 ",Europe,23131,270,0.5,"1,874"
65,Belarus,"982,867",,"6,978 ",,N/A,N/A,N/A,,"104,081",739,"13,220,483","1,399,988","9,443,281 ",Europe,"101,3531",,,"5,014"
66,Nepal,"979,278",+7,"11,952 ",,"967,233",+16,93,,"32,474",396,"5,732,129","190,085","30,155,659 ",Asia,"312,5235",0.2,,3
67,Uruguay,"943,877",,"7,290 ",,"928,373",,"8,214",18,"269,900","2,085","6,114,822","1,748,523","3,497,135 ",South America,44801,,,"2,349"
68,Mongolia,"926,282",,"2,179 ",,N/A,N/A,N/A,192,"273,972",644,"4,030,048","1,191,994","3,380,931 ",Asia,"41,5521",,,"180,674"
69,UAE,"920,171","+1,356","2,305 ",,"901,424","+1,066","16,442",,"90,901",228,"165,564,224","16,355,668","10,122,743 ",Asia,"114,3920",134,,"1,624"
70,Bolivia,"912,869",+396,"21,951 ",,"876,070",+525,"14,848",220,"76,183","1,832","2,705,422","225,779","11,982,608 ",South America,135464,33,,"1,239"
71,Costa Rica,"904,934",,"8,525 ",,"860,711",,"35,698",52,"174,544","1,644","4,659,757","898,775","5,184,562 ",North America,66081,,,"6,885"
72,Panama,"892,455",,"8,307 ",,"862,527",,"21,621",16,"200,695","1,868","6,416,881","1,443,026","4,446,824 ",North America,55351,,,"4,862"
73,Ecuador,"890,852",,"35,659 ",,N/A,N/A,N/A,759,"49,045","1,963","2,470,170","135,993","18,163,935 ",South America,205097,,,"22,644"
74,Guatemala,"871,263",,"18,293 ",,"845,301",,"7,669",5,"46,943",986,"4,756,204","256,263","18,559,873 ",North America,"211,0154",,,413
75,Latvia,"830,698",,"5,839 ",,"822,583",,"2,276",6,"450,077","3,164","7,288,563","3,948,985","1,845,680 ",Europe,23160,,,"1,233"
76,Azerbaijan,"792,847",,"9,714 ",,"783,019",,114,,"76,850",942,"6,901,005","668,905","10,316,866 ",Asia,"131,0621",,,11
77,Saudi Arabia,"778,983",,"9,175 ",,"760,490",,"9,318",91,"21,718",256,"42,947,407","1,197,374","35,867,993 ",Asia,"463,9091",,,260
78,Sri Lanka,"663,960",,"16,519 ",,"646,983",,458,,"30,756",765,"6,486,117","300,453","21,587,805 ",Asia,"331,3073",,,21
79,Paraguay,"652,044",,"18,932 ",,"624,673",,"8,439",2,"89,286","2,592","2,646,163","362,345","7,302,885 ",South America,113863,,,"1,156"
80,Kuwait,"636,240",,"2,555 ",,"631,350",,"2,335",22,"144,818",582,"8,149,895","1,855,046","4,393,366 ",Asia,"71,7201",,,531
81,Myanmar,"613,452",,"19,434 ",,"592,432",,"1,586",,"11,130",353,"8,284,098","150,295","55,118,982 ",Asia,"902,8367",,,29
82,Bahrain,"597,184",,"1,489 ",,"587,483",,"8,212",4,"328,749",820,"9,915,021","5,458,208","1,816,534 ",Asia,"31,2200",,,"4,521"
83,Dominican Republic,"592,578",,"4,382 ",,"584,682",,"3,514",19,"53,581",396,"3,411,051","308,429","11,059,420 ",North America,"192,5243",,,318
84,Palestine,"582,669",,"5,356 ",,"577,132",,181,17,"109,279","1,005","3,078,533","577,375","5,331,948 ",Asia,99962,,,34
85,Estonia,"578,494",+840,"2,586 ",+12,"521,120",+669,"54,788",1,"435,525","1,947","3,396,075","2,556,767","1,328,269 ",Europe,25140,632,9,"41,248"
86,Venezuela,"524,321",,"5,724 ",,"517,479",,"1,118",230,"18,541",202,"3,359,014","118,780","28,279,333 ",South America,"544,9408",,,40
87,Moldova,"519,234",,"11,554 ",,"504,142",,"3,538",49,"129,300","2,877","3,216,305","800,925","4,015,739 ",Europe,83481,,,881
88,Egypt,"515,645",,"24,613 ",,"442,182",,"48,850",122,"4,861",232,"3,693,367","34,815","106,086,832 ",Africa,"2064,31029",,,460
89,Libya,"502,040",,"6,430 ",,"490,973",,"4,637",101,"71,181",912,"2,477,219","351,231","7,052,961 ",Africa,"141,0973",,,657
90,Cyprus,"491,777",,"1,067 ",,"124,370",,"366,340",60,"401,632",871,"9,477,138","7,739,927","1,224,448 ",Asia,"21,1480",,,"299,188"
91,Ethiopia,"479,484",,"7,517 ",,"456,866",,"15,101",35,"3,979",62,"4,988,019","41,395","120,499,230 ",Africa,"25116,03024",,,125
92,Honduras,"425,655",,"10,902 ",,"132,430",,"282,323",105,"41,686","1,068","1,387,113","135,847","10,210,881 ",North America,249377,,,"27,649"
93,Armenia,"423,006",,"8,629 ",,"412,661",,"1,716",,"142,234","2,901","3,109,931","1,045,703","2,974,010 ",Asia,73451,,,577
94,Réunion,"418,585",,796 ,,"415,360",,"2,429",10,"461,131",877,"1,603,660","1,766,661","907,735 ",Africa,"21,1401",,,"2,676"
95,Oman,"389,758",,"4,260 ",,"384,669",,829,2,"72,728",795,"25,000,000","4,664,971","5,359,090 ",Asia,"141,2580",,,155
96,Bosnia and Herzegovina,"378,112",,"15,793  ",,N/A,N/A,N/A,,"116,660","4,873","1,782,950","550,096","3,241,159 ",Europe,92052,,,"52,482"
97,Qatar,"372,704",,677 ,,"369,363",,"2,664",,"132,739",241,"3,590,034","1,278,591","2,807,805 ",Asia,"84,1471",,,949
98,Kenya,"327,145",,"5,651 ",,"319,669",,"1,825",,"5,834",101,"3,703,840","66,053","56,073,862 ",Africa,"1719,92315",,,33
99,Zambia,"323,283",,"3,989 ",,"318,247",,"1,047",,"16,677",206,"3,507,848","180,959","19,384,745 ",Africa,"604,8606",,,54
100,North Macedonia,"312,607",,"9,316 ",,"302,892",,399,,"150,060","4,472","2,057,112","987,473","2,083,208 ",Europe,72241,,,192
101,Botswana,"310,431",,"2,701 ",,"304,887",,"2,843",1,"127,021","1,105","2,026,898","829,358","2,443,936 ",Africa,89051,,,"1,163"
102,Albania,"276,731",,"3,497 ",,"272,893",,341,2,"96,365","1,218","1,835,130","639,042","2,871,689 ",Europe,108212,,,119
103,Algeria,"265,937",,"6,875 ",,"178,442",,"80,620",6,"5,859",151,"230,861","5,086","45,390,507 ",Africa,"1716,602197",,,"1,776"
104,Nigeria,"256,352",,"3,144 ",,"250,131",,"3,077",11,"1,186",15,"5,198,572","24,060","216,071,476 ",Africa,"84368,72542",,,14
105,Zimbabwe,"254,155",,"5,521 ",,"246,556",,"2,078",12,"16,629",361,"2,361,244","154,495","15,283,591 ",Africa,"602,7686",,,136
106,Luxembourg,"251,873",,"1,084 ",,"245,443",,"5,346",,"390,030","1,679","4,275,297","6,620,382","645,778 ",Europe,35960,,,"8,278"
107,Uzbekistan,"239,272",,"1,637 ",,"237,441",,194,23,"6,953",48,"1,377,915","40,041","34,412,290 ",Asia,"14421,02225",,,6
108,Montenegro,"237,945",,"2,722 ",,"234,768",,455,6,"378,760","4,333","2,485,184","3,955,907","628,221 ",Europe,32310,,,724
109,Mozambique,"226,481",,"2,206 ",,"223,783",,492,13,"6,872",67,"1,335,374","40,518","32,957,580 ",Africa,"14614,94025",,,15
110,Laos,"210,164",+6,757 ,,N/A,N/A,N/A,,"28,094",101,"1,233,207","164,849","7,480,827 ",Asia,"369,8826",0.8,,"26,969"
111,Kyrgyzstan,"200,993",,"2,991 ",,"196,406",,"1,596",131,"29,850",444,"1,907,195","283,241","6,733,469 ",Asia,"342,2514",,,237
112,Iceland,"190,014",,153 ,,N/A,N/A,N/A,1,"549,890",443,"1,958,282","5,667,162","345,549 ",Europe,"22,2580",,,"330,419"
113,Martinique,"182,791",,943 ,,104,,"181,744",8,"487,834","2,517","828,928","2,212,250","374,699 ",North America,23970,,,"485,040"
114,Afghanistan,"180,864",,"7,709 ",,"163,215",,"9,940","1,124","4,451",190,"971,529","23,910","40,632,673 ",Asia,"2255,27142",,,245
115,Maldives,"179,979",,299 ,,"163,687",,"15,993",25,"321,935",535,"2,213,831","3,959,966","559,053 ",Asia,"31,8700",,,"28,607"
116,Namibia,"168,448",,"4,049 ",,"162,463",,"1,936",,"64,040","1,539","1,050,977","399,555","2,630,367 ",Africa,166503,,,736
117,Uganda,"166,319",,"3,602 ",,"100,395",,"62,322",6,"3,426",74,"2,731,155","56,256","48,548,800 ",Africa,"29213,47818",,,"1,284"
118,Trinidad and Tobago,"164,829",,"3,965 ",,"152,814",,"8,050",18,"117,041","2,815","760,781","540,213","1,408,299 ",North America,93552,,,"5,716"
119,El Salvador,"164,134",,"4,135 ",,"158,594",,"1,405",8,"25,059",631,"2,219,800","338,909","6,549,835 ",North America,"401,5843",,,215
120,Guadeloupe,"162,190",,949 ,,"2,250",,"158,991",19,"405,215","2,371","938,039","2,343,592","400,257 ",North America,24220,,,"397,222"
121,Ghana,"161,935",,"1,445 ",,"160,089",,401,,"5,008",45,"2,455,067","75,929","32,333,890 ",Africa,"20022,37613",,,12
122,Brunei ,"154,133",+522,225 ,,"150,865",+315,"3,043",,"345,881",505,"717,784","1,610,739","445,624 ",Asia,"31,9811","1,171",,"6,829"
123,Jamaica,"140,670",,"3,084 ",,"88,864",,"48,722",,"47,105","1,033","1,117,306","374,145","2,986,295 ",North America,219683,,,"16,315"
124,Cambodia,"136,262",,"3,056 ",,"133,206",,0,,"7,937",178,"2,978,201","173,465","17,168,838 ",Asia,"1265,6186",,,
125,Rwanda,"130,375",,"1,459 ",,"45,522",,"83,394",,"9,603",107,"5,494,233","404,691","13,576,353 ",Africa,"1049,3052",,,"6,143"
126,Cameroon,"119,947",,"1,930 ",,"117,791",,226,13,"4,310",69,"1,751,774","62,945","27,830,381 ",Africa,"23214,42016",,,8
127,Angola,"99,761",,"1,900 ",,"97,149",,712,,"2,862",55,"1,499,795","43,031","34,853,471 ",Africa,"34918,34423",,,20
128,Malta,"96,490",+200,728 ,+1,"93,513",+101,"2,249",4,"217,404","1,640","1,939,459","4,369,834","443,829 ",Europe,56100,451,2,"5,067"
129,DRC,"89,932",,"1,345 ",,"50,930",,"37,657",,948,14,"846,704","8,926","94,853,927 ",Africa,"1,05570,523112",,,397
130,Senegal,"86,170",,"1,967 ",,"84,186",,17,,"4,896",112,"1,102,286","62,624","17,601,640 ",Africa,"2048,94816",,,1.0
131,Malawi,"86,107",,"2,642 ",,"82,932",,533,67,"4,286",132,"586,740","29,204","20,090,863 ",Africa,"2337,60434",,,27
132,French Guiana,"84,507",,399 ,,"11,254",,"72,854",1,"269,361","1,272","644,972","2,055,812","313,731 ",South America,47860,,,"232,218"
133,Ivory Coast,"82,492",,799 ,,"81,591",,102,,"2,984",29,"1,532,951","55,445","27,648,050 ",Africa,"33534,60318",,,4
134,Barbados,"82,318",,468 ,,"80,678",,"1,172",,"285,768","1,625","694,258","2,410,124","288,059 ",North America,36160,,,"4,069"
135,Suriname,"80,673",,"1,352 ",,"49,526",,"29,795",,"135,164","2,265","237,519","397,953","596,852 ",South America,74413,,,"49,920"
136,Channel Islands,"77,006",,176 ,,"76,220",,610,,"435,114",994,"1,252,808","7,078,851","176,979 ",Europe,"21,0060",,,"3,447"
137,French Polynesia,"73,106",,649 ,,N/A,N/A,N/A,7,"257,357","2,285",,,"284,065 ",Australia/Oceania,4438,,,"137,141"
138,Eswatini,"72,904",,"1,410 ",,"71,378",,116,11,"61,599","1,191","1,031,608","871,644","1,183,520 ",Africa,168391,,,98
139,Guyana,"65,926",,"1,240 ",,"63,706",,980,,"83,037","1,562","645,436","812,962","793,931 ",South America,126401,,,"1,234"
140,Fiji,"65,217",,865 ,,"63,246",,"1,106",,"71,740",952,"547,562","602,329","909,075 ",Australia/Oceania,"141,0512",,,"1,217"
141,Madagascar,"64,685",,"1,396 ",,"63,006",,283,6,"2,225",48,"453,438","15,596","29,074,832 ",Africa,"44920,82764",,,10
142,New Caledonia,"62,487",,313 ,,"61,746",,428,9,"214,855","1,076","98,964","340,277","290,834 ",Australia/Oceania,59293,,,"1,472"
143,Sudan,"62,475",,"4,950 ",,N/A,N/A,N/A,,"1,363",108,"562,941","12,281","45,839,520 ",Africa,"7349,26181",,,375
144,Belize,"61,150",,678 ,,"58,605",,"1,867",6,"148,544","1,647","576,016","1,399,245","411,662 ",North America,76071,,,"4,535"
145,Bhutan,"59,644",,21 ,,"59,616",,7,,"75,678",27,"2,303,734","2,923,045","788,128 ",Asia,"1337,5300",,,9
146,Mauritania,"59,252",,982 ,,"58,158",,112,,"12,124",201,"843,713","172,636","4,887,233 ",Africa,"824,9776",,,23
147,Cabo Verde,"57,096",,402 ,,"56,137",,557,23,"100,569",708,"401,416","707,057","567,728 ",Africa,"101,4121",,,981
148,Syria,"55,907",,"3,150 ",,"52,733",,24,,"3,051",172,"146,269","7,981","18,327,090 ",Asia,"3285,818125",,,1
149,Gabon,"47,711",,304 ,,"47,322",,85,,"20,496",131,"1,598,933","686,878","2,327,828 ",Africa,"497,6571",,,37
150,Papua New Guinea,"44,644",,658 ,,"43,960",,26,7,"4,813",71,"249,149","26,858","9,276,518 ",Australia/Oceania,"20814,09837",,,3
151,Seychelles,"44,363",,167 ,,"43,905",,291,,"445,720","1,678",,,"99,531 ",Africa,2596,,,"2,924"
152,Curaçao,"44,127",,277 ,,"43,567",,283,3,"266,793","1,675","496,693","3,003,017","165,398 ",North America,45970,,,"1,711"
153,Andorra,"43,224",,153 ,,"42,810",,261,14,"557,693","1,974","249,838","3,223,508","77,505 ",Europe,25070,,,"3,368"
154,Burundi,"42,248",,38 ,,N/A,N/A,N/A,,"3,359",3,"345,742","27,485","12,579,153 ",Africa,"298331,03036",,,"3,294"
155,Aruba,"39,057",,216 ,,"37,058",,"1,783",1,"362,825","2,007","177,885","1,652,485","107,647 ",North America,34981,,,"16,563"
156,Mauritius,"38,060",,996 ,,"36,416",,648,,"29,831",781,"358,675","281,122","1,275,871 ",Africa,"341,2814",,,508
157,Mayotte,"37,523",,187 ,,"2,964",,"34,372",,"131,378",655,"176,919","619,440","285,611 ",Africa,"81,5272",,,"120,346"
158,Togo,"37,200",,273 ,,"36,865",,62,,"4,298",32,"746,290","86,217","8,655,912 ",Africa,"23331,70712",,,7
159,Guinea,"36,597",,442 ,,"36,113",,42,8,"2,647",32,"660,107","47,747","13,825,236 ",Africa,"37831,27921",,,3
160,Tanzania,"35,354",,840 ,,N/A,N/A,N/A,7,561,13,,,"63,041,475 ",Africa,"1,78375,049",,,545
161,Bahamas,"35,351",,812 ,,"33,470",,"1,069",,"88,256","2,027","235,192","587,173","400,550 ",North America,114932,,,"2,669"
162,Faeroe Islands,"34,658",,28 ,,N/A,N/A,N/A,5,"704,087",569,"778,000","15,805,298","49,224 ",Europe,"11,7580",,,"547,233"
163,Isle of Man,"33,251",,107 ,,"26,794",,"6,350",,"387,054","1,246","150,753","1,754,819","85,908 ",Europe,38031,,,"73,916"
164,Lesotho,"32,910",,697 ,,"24,155",,"8,058",,"15,129",320,"431,221","198,238","2,175,268 ",Africa,"663,1215",,,"3,704"
165,Mali,"31,127",,736 ,,"30,280",,111,,"1,456",34,"691,740","32,348","21,384,618 ",Africa,"68729,05531",,,5
166,Haiti,"31,004",,837 ,,"29,750",,417,,"2,656",72,"132,422","11,344","11,672,793 ",North America,"37613,94688",,,36
167,Benin,"26,952",,163 ,,"25,506",,"1,283",5,"2,115",13,"604,310","47,432","12,740,457 ",Africa,"47378,16221",,,101
168,Somalia,"26,675",,"1,350 ",,"13,182",,"12,143",,"1,592",81,"400,466","23,901","16,755,128 ",Africa,"62812,41142",,,725
169,Saint Lucia,"26,584",,376 ,,"25,881",,327,2,"143,496","2,030","206,642","1,115,422","185,259 ",North America,74931,,,"1,765"
170,Cayman Islands,"25,318",,28 ,,"8,553",,"16,737",1,"376,627",417,"222,773","3,313,940","67,223 ",North America,"32,4010",,,"248,977"
171,Congo,"24,128",,385 ,,"20,178",,"3,565",,"4,173",67,"347,815","60,154","5,782,115 ",Africa,"24015,01817",,,617
172,Timor-Leste,"22,928",,133 ,,"22,774",,21,,"16,769",97,"268,125","196,103","1,367,265 ",Asia,"6010,2805",,,15
173,Solomon Islands,"21,237",,149 ,,"16,357",,"4,731",1,"29,511",207,"5,117","7,111","719,628 ",Australia/Oceania,"344,830141",,,"6,574"
174,Burkina Faso,"20,853",,382 ,,"20,439",,32,,947,17,"248,995","11,309","22,017,453 ",Africa,"1,05657,63788",,,1
175,Gibraltar,"18,806",,102 ,,"16,579",,"2,125",,"558,522","3,029","534,283","15,867,750","33,671 ",Europe,23300,,,"63,111"
176,Nicaragua,"18,491",,225 ,,"4,225",,"14,041",,"2,728",33,,,"6,777,797 ",North America,"36730,124",,,"2,072"
177,Grenada,"18,035",,231 ,,"17,523",,281,4,"158,847","2,035","168,212","1,481,561","113,537 ",North America,64921,,,"2,475"
178,South Sudan,"17,644",,138 ,,"13,644",,"3,862",1,"1,541",12,"401,608","35,078","11,448,890 ",Africa,"64982,96329",,,337
179,Liechtenstein,"17,628",,85 ,,"17,478",,65,2,"459,769","2,217","102,174","2,664,876","38,341 ",Europe,24510,,,"1,695"
180,Tajikistan,"17,388",,124 ,,"17,264",,0,,"1,747",12,,,"9,954,095 ",Asia,"57280,275",,,
181,San Marino,"17,124",,115 ,,"16,910",,99,4,"502,612","3,375","152,231","4,468,183","34,070 ",Europe,22960,,,"2,906"
182,Equatorial Guinea,"15,945",,183 ,,"15,716",,46,5,"10,683",123,"333,092","223,166","1,492,576 ",Africa,"948,1564",,,31
183,Djibouti,"15,686",,189 ,,"15,427",,70,,"15,440",186,"305,941","301,143","1,015,934 ",Africa,"655,3753",,,69
184,Bermuda,"15,428",,138 ,,"14,901",,389,,"249,519","2,232","931,509","15,065,404","61,831 ",North America,44480,,,"6,291"
185,CAR,"14,649",,113 ,,"6,859",,"7,677",2,"2,934",23,"81,294","16,282","4,993,027 ",Africa,"34144,18661",,,"1,538"
186,Dominica,"14,638",,67 ,,"14,284",,287,,"202,367",926,"207,131","2,863,536","72,334 ",North America,"51,0800",,,"3,968"
187,Samoa,"14,315",,28 ,,"1,605",,"12,682",4,"71,227",139,"133,069","662,111","200,977 ",Australia/Oceania,"147,1782",,,"63,102"
188,Monaco,"12,489",,57 ,,"12,310",,122,4,"313,928","1,433","66,898","1,681,573","39,783 ",Europe,36981,,,"3,067"
189,Gambia,"12,002",,365 ,,"11,591",,46,,"4,709",143,"155,686","61,086","2,548,640 ",Africa,"2126,98316",,,18
190,Greenland,"11,971",,21 ,,"2,761",,"9,189",4,"210,161",369,"164,926","2,895,420","56,961 ",North America,"52,7120",,,"161,321"
191,Tonga,"11,909",,12 ,,"11,517",,380,,"110,244",111,"535,009","4,952,686","108,024 ",Australia/Oceania,"99,0020",,,"3,518"
192,Yemen,"11,822",,"2,149 ",,"9,107",,566,23,380,69,"265,253","8,528","31,102,983 ",Asia,"2,63114,473117",,,18
193,Saint Martin,"10,668",,63 ,,"1,399",,"9,206",7,"267,047","1,577","112,382","2,813,207","39,948 ",North America,46340,,,"230,450"
194,Vanuatu,"10,575",,14 ,,"10,263",,298,1,"32,934",44,"24,976","77,783","321,097 ",Australia/Oceania,"3022,93613",,,928
195,Sint Maarten,"10,508",,86 ,,"10,368",,54,10,"239,788","1,962","62,056","1,416,092","43,822 ",North America,45101,,,"1,232"
196,Caribbean Netherlands,"10,219",,35 ,,"10,145",,39,,"382,777","1,311","30,126","1,128,441","26,697 ",North America,37631,,,"1,461"
197,Eritrea,"9,771",,103 ,,"9,663",,5,,"2,683",28,"23,693","6,506","3,641,853 ",Africa,"37335,358154",,,1
198,Niger,"9,031",,310 ,,"8,628",,93,1,349,12,"254,538","9,824","25,909,734 ",Africa,"2,86983,580102",,,4
199,Antigua and Barbuda,"8,531",,140 ,,"8,235",,156,1,"85,734","1,407","18,901","189,948","99,506 ",North America,127115,,,"1,568"
200,Guinea-Bissau,"8,306",,171 ,,"8,076",,59,6,"4,035",83,"140,579","68,295","2,058,422 ",Africa,"24812,03815",,,29
201,Comoros,"8,100",,160 ,,"7,933",,7,,"8,944",177,,,"905,613 ",Africa,"1125,660",,,8
202,Sierra Leone,"7,685",,125 ,,N/A,N/A,N/A,,927,15,"259,958","31,349","8,292,350 ",Africa,"1,07966,33932",,,331
203,Liberia,"7,459",,294 ,,"5,747",,"1,418",2,"1,410",56,"139,824","26,438","5,288,769 ",Africa,"70917,98938",,,268
204,Chad,"7,420",,193 ,,"4,874",,"2,353",,428,11,"191,341","11,033","17,342,051 ",Africa,"2,33789,85591",,,136
205,St. Vincent Grenadines,"6,969",,108 ,,"6,641",,220,,"62,432",968,"99,956","895,462","111,625 ",North America,"161,0341",,,"1,971"
206,British Virgin Islands,"6,902",,63 ,,N/A,N/A,N/A,1,"225,394","2,057","104,740","3,420,417","30,622 ",North America,44860,,,"2,221"
207,Turks and Caicos,"6,160",,36 ,,"6,086",,38,4,"155,027",906,"521,408","13,122,134","39,735 ",North America,"61,1040",,,956
208,Sao Tome and Principe,"6,010",,73 ,,"5,930",,7,,"26,467",321,"29,036","127,872","227,071 ",Africa,"383,1118",,,31
209,Saint Kitts and Nevis,"5,852",,43 ,,"5,759",,50,,"108,509",797,"88,974","1,649,775","53,931 ",North America,"91,2541",,,927
210,Cook Islands,"5,717",,1 ,,"5,705",,11,,"324,922",57,"19,314","1,097,698","17,595 ",Australia/Oceania,"317,5951",,,625
211,Palau,"5,145",,6 ,,"4,461",,678,1,"281,733",329,"58,092","3,181,032","18,262 ",Australia/Oceania,"43,0440",,,"37,126"
212,St. Barth,"4,630",,6 ,,N/A,N/A,N/A,,"465,982",604,"78,646","7,915,258","9,936 ",North America,"21,6560",,,"418,881"
213,Anguilla,"3,374",,9 ,,"3,335",,30,4,"221,057",590,"51,382","3,366,442","15,263 ",North America,"51,6960",,,"1,966"
214,Kiribati,"3,209",,13 ,,"2,623",,573,3,"26,087",106,,,"123,012 ",Australia/Oceania,"389,462",,,"4,658"
215,Saint Pierre Miquelon,"2,765",,1 ,,"2,449",,315,1,"481,791",174,"23,978","4,178,080","5,739 ",North America,"25,7390",,,"54,888"
216,Falkland Islands,"1,733",, ,,N/A,N/A,N/A,,"471,308",,"8,632","2,347,566","3,677 ",South America,20,,,"437,585"
217,Montserrat,"1,012",,8 ,,991,,13,,"202,481","1,601","13,361","2,673,269","4,998 ",North America,56250,,,"2,601"
218,Diamond Princess,712,,13 ,,699,,0,,,,,, ,,,,,
219,Wallis and Futuna,454,,7  ,,438,,9,,"41,816",645,"20,508","1,888,920","10,857 ",Australia/Oceania,"241,5511",,,829
220,Macao,83,, ,,83,,0,,125,,"5,584","8,378","666,545 ",Asia,"8,031119",,,
221,Micronesia,35,, ,,33,,2,,298,,"21,923","186,790","117,367 ",Australia/Oceania,"3,3535",,,17
222,Vatican City,29,, ,,29,,0,,"36,025",,,,805 ,Europe,28,,,
223,Marshall Islands,18,, ,,17,,1,,300,,,,"59,967 ",Australia/Oceania,"3,332",,,17
224,Nauru,13,, ,,12,+4,1,,"1,187",,,,"10,956 ",Australia/Oceania,843,,,91
225,Western Sahara,10,,1 ,,9,,0,,16,2,,,"625,888 ",Africa,"62,589625,888",,,
226,MS Zaandam,9,,2 ,,7,,0,,,,,, ,,,,,
227,Niue,9,, ,,9,,0,,"5,464",,,,"1,647 ",Australia/Oceania,183,,,
228,Tuvalu,3,, ,,,,3,,248,,,,"12,075 ",Australia/Oceania,"4,025",,,248
229,Saint Helena,2,, ,,2,,0,,327,,,,"6,112 ",Africa,"3,056",,,
230,China,"224,977",+95,"5,226 ",,"218,832",+62,919,14,156,4,"160,000,000","111,163","1,439,323,776 ",Asia,"6,398275,4169",0.07,,0.6
,Total:,"103,258,063","+1,688","1,479,802",+11,"97,104,243","+4,032","4,674,018","8,172",,,,,,North America, ,,,,,
,Total:,"159,048,701","+123,013","1,435,349",+164,"153,097,659","+168,548","4,515,693","10,565",,,,,,Asia, ,,,,,
,Total:,"58,506,075",+396,"1,301,112",,"55,484,654",,"1,720,309","10,530",,,,,,South America, ,,,,,
,Total:,"198,869,376","+5,594","1,848,000",+87,"190,495,118","+78,092","6,526,258","5,764",,,,,,Europe, ,,,,,
,Total:,"9,227,492","+31,944","13,090",+50,"8,873,559","+5,882","340,843",135,,,,,,Australia/Oceania, ,,,,,
,Total:,"12,207,688",,"255,338",,"11,414,180",,"538,170",988,,,,,,Africa, ,,,,,
,Total:,721,,15,,706,,0,0,,,,,,, ,,,,,
,Total:,"541,118,116","+162,635","6,332,706",+312,"516,470,119","+257,051","18,315,291","36,154","69,420.4",812.4,,,,All,,,,,,,
#,"Country,Other",TotalCases,NewCases,TotalDeaths,NewDeaths,TotalRecovered,NewRecovered,ActiveCases,"Serious,Critical",Tot Cases/1M pop,Deaths/1M pop,TotalTests,Tests/,1M pop,,Population,Continent,1 Caseevery X ppl1 Deathevery X ppl1 Testevery X ppl,New Cases/1M pop,New Deaths/1M pop,Active Cases/1M pop
,,Asia,,"158,925,688","+125,415","1,435,185",+180,"152,929,111","+190,442","4,561,392","10,588",,,,,,Asia,,,,,,,
,,North America,,"103,256,375","+57,139","1,479,791",+156,"97,100,211","+95,282","4,676,373","8,172",,,,,,North America,,,,,,,
,,South America,,"58,505,679","+50,482","1,301,112",+82,"55,484,157","+43,126","1,720,410","10,530",,,,,,South America,,,,,,,
,,Europe,,"198,863,782","+78,826","1,847,913",+266,"190,417,026","+151,396","6,598,843","5,766",,,,,,Europe,,,,,,,
,,Oceania,,"9,195,548","+24,336","13,040",+18,"8,867,677","+29,626","314,831",119,,,,,,Australia/Oceania,,,,,,,
,,Africa,,"12,207,688","+2,271","255,338",+28,"11,414,180","+3,160","538,170",988,,,,,,Africa,,,,,,,
,,,,721,,15,,706,,0,0,,,,,,,,,,,,,
,World,"540,955,481","+338,469","6,332,394",+730,"516,213,068","+513,032","18,410,019","36,163","69,400",812.4,,,,All,,,,,,,
1,China,"224,882",+89,"5,226 ",,"218,770",+66,886,19,156,4,"160,000,000","111,163","1,439,323,776 ",Asia,"6,400275,4169",0.06,,0.6
2,USA,"87,424,846","+49,422","1,036,084 ",+117,"83,245,798","+85,079","3,142,964","2,800","261,144","3,095","1,040,105,263","3,106,865","334,776,423 ",North America,43230,148,0.3,"9,388"
3,India,"43,236,695","+4,691","524,777 ",+6,"42,661,370","+4,035","50,548",698,"30,743",373,"855,108,879","608,019","1,406,384,242 ",Asia,"332,6802",3,,36
4,Brazil,"31,497,038","+40,173","668,230 ",+53,"30,219,236","+37,063","609,572","8,318","146,160","3,101","63,776,166","295,949","215,497,163 ",South America,73223,186,0.2,"2,829"
5,France,"29,858,393","+8,474","148,841 ",+92,"29,242,616","+32,029","466,936",869,"455,476","2,270","271,490,188","4,141,455","65,554,307 ",Europe,24400,129,1,"7,123"
6,Germany,"26,886,447","+38,664","140,213 ",+30,"25,939,900","+57,000","806,334",631,"318,920","1,663","122,332,384","1,451,073","84,304,782 ",Europe,36011,459,0.4,"9,565"
7,UK,"22,410,583","+9,411","179,274 ",+19,"22,045,408","+8,468","185,901",188,"326,783","2,614","522,526,476","7,619,299","68,579,336 ",Europe,33830,137,0.3,"2,711"
8,Russia,"18,379,583","+2,996","380,076 ",+56,"17,798,245","+3,684","201,262","2,300","125,839","2,602","273,400,000","1,871,883","146,056,108 ",Europe,83841,21,0.4,"1,378"
9,S. Korea,"18,229,288","+3,828","24,388 ",+17,"18,012,349","+18,777","192,551",95,"354,966",475,"15,804,065","307,742","51,354,960 ",Asia,"32,1063",75,0.3,"3,749"
10,Italy,"17,664,043","+10,371","167,432 ",+41,"16,879,683","+15,913","616,928",193,"292,989","2,777","223,100,172","3,700,512","60,289,007 ",Europe,33600,172,0.7,"10,233"
11,Turkey,"15,072,747",,"98,965 ",,"14,971,256",,"2,526",975,"175,054","1,149","162,743,369","1,890,088","86,103,597 ",Asia,68701,,,29
12,Spain,"12,478,994",,"107,108 ",,"11,939,322",,"432,564",339,"266,702","2,289","471,036,328","10,067,034","46,789,983 ",Europe,44370,,,"9,245"
13,Vietnam,"10,732,429",+617,"43,083 ",,"9,562,523","+9,330","1,126,823",53,"108,363",435,"85,820,575","866,512","99,041,436 ",Asia,"92,2991",6,,"11,377"
14,Argentina,"9,313,453",,"128,994 ",,"8,895,999",,"288,460",344,"202,457","2,804","35,716,069","776,400","46,002,135 ",South America,53571,,,"6,271"
15,Japan,"9,051,732","+13,128","30,891 ",+12,"8,860,780","+16,418","160,061",61,"71,997",246,"53,970,927","429,281","125,723,891 ",Asia,"144,0702",104,0.10,"1,273"
16,Netherlands,"8,107,944","+1,791","22,336 ",,"8,046,107","+2,596","39,501",33,"471,157","1,298","21,107,399","1,226,563","17,208,579 ",Europe,27701,104,,"2,295"
17,Australia,"7,634,958","+19,559","9,058 ",+11,"7,412,923","+24,811","212,977",86,"292,806",347,"72,764,501","2,790,570","26,075,142 ",Australia/Oceania,"32,8790",750,0.4,"8,168"
18,Iran,"7,233,880",+192,"141,352 ",+2,"7,059,253",+281,"33,275",361,"84,034","1,642","52,298,398","607,533","86,083,213 ",Asia,126092,2,0.02,387
19,Colombia,"6,117,847",,"139,894 ",,"5,943,925",,"34,028",342,"117,793","2,694","35,175,528","677,268","51,937,378 ",South America,83711,,,655
20,Indonesia,"6,061,079",+591,"156,652 ",+9,"5,899,501",+390,"4,926","2,771","21,713",561,"99,626,689","356,897","279,147,249 ",Asia,"461,7823",2,0.03,18
21,Poland,"6,010,090",+45,"116,371 ",,"5,335,560",+3,"558,159",408,"159,140","3,081","36,412,734","964,166","37,766,035 ",Europe,63251,1,,"14,779"
22,Mexico,"5,823,844","+2,582","325,194 ",+8,"5,088,869","+3,203","409,781","4,798","44,265","2,472","16,167,272","122,883","131,566,572 ",North America,234058,20,0.06,"3,115"
23,Ukraine,"5,014,929",,"108,605 ",,N/A,N/A,N/A,177,"116,024","2,513","19,521,252","451,639","43,223,130 ",Europe,93982,,,"19,626"
24,Portugal,"4,917,127",,"23,531 ",,"4,281,372","+19,232","612,224",61,"484,975","2,321","42,825,431","4,223,865","10,138,920 ",Europe,24310,,,"60,384"
25,Malaysia,"4,528,390","+2,092","35,716 ",+4,"4,470,067","+1,876","22,607",26,"136,511","1,077","60,355,132","1,819,445","33,172,274 ",Asia,79291,63,0.1,682
26,Thailand,"4,486,664","+1,801","30,352 ",+15,"4,434,529","+2,330","21,783","1,496","63,967",433,"17,270,775","246,231","70,140,482 ",Asia,"162,3114",26,0.2,311
27,DPRK,"4,469,520","+36,720",72 ,,"4,404,210","+42,650","65,238",,"171,915",3,,,"25,998,461 ",Asia,"6361,090","1,412",,"2,509"
28,Austria,"4,294,321","+2,905","18,699 ",+2,"4,231,207","+2,487","44,415",36,"471,576","2,053","188,792,612","20,732,065","9,106,310 ",Europe,24870,319,0.2,"4,877"
29,Israel,"4,189,858","+6,373","10,882 ",,"4,149,569","+4,659","29,407",150,"449,266","1,167","41,373,364","4,436,346","9,326,000 ",Asia,28570,683,,"3,153"
30,Belgium,"4,170,252",,"31,816 ",,"4,087,206","+2,625","51,230",66,"356,807","2,722","34,197,937","2,925,980","11,687,686 ",Europe,33670,,,"4,383"
31,South Africa,"3,979,126",+536,"101,509 ",+25,"3,856,957","+2,084","20,660",192,"65,486","1,671","25,504,687","419,743","60,762,580 ",Africa,155992,9,0.4,340
32,Czechia,"3,923,030",+61,"40,303 ",,"3,881,703",+182,"1,024",2,"365,014","3,750","55,462,528","5,160,455","10,747,604 ",Europe,32670,6,,95
33,Canada,"3,899,493","+2,043","41,527 ",+8,"3,546,436",+585,"311,530",252,"101,588","1,082","62,220,040","1,620,923","38,385,559 ",North America,109241,53,0.2,"8,116"
34,Chile,"3,829,119","+9,110","58,109 ",+14,"3,542,801","+4,909","228,209",156,"197,019","2,990","39,436,831","2,029,140","19,435,247 ",South America,53340,469,0.7,"11,742"
35,Philippines,"3,693,608",+386,"60,461 ",,"3,630,050",+207,"3,097",440,"32,856",538,"30,440,249","270,780","112,416,830 ",Asia,"301,8594",3,,28
36,Switzerland,"3,667,742",,"13,967 ",,"3,624,223","+1,695","29,552",44,"417,849","1,591","21,153,745","2,409,947","8,777,680 ",Europe,26280,,,"3,367"
37,Peru,"3,591,816",+934,"213,338 ",+14,"3,367,636",+605,"10,842",140,"106,063","6,300","31,020,248","916,001","33,864,868 ",South America,91591,28,0.4,320
38,Greece,"3,500,489",,"30,020 ",,"3,423,217",,"47,252",110,"339,060","2,908","83,576,762","8,095,305","10,324,103 ",Europe,33440,,,"4,577"
39,Denmark,"2,992,597","+2,119","6,414 ",+10,"2,977,638",+750,"8,545",9,"513,146","1,100","127,533,042","21,868,338","5,831,858 ",Europe,29090,363,2,"1,465"
40,Taiwan,"2,937,312","+45,059","4,280 ",+109,"1,464,820","+82,244","1,468,212",,"122,897",179,"19,607,043","820,358","23,900,579 ",Asia,"85,5841","1,885",5,"61,430"
41,Romania,"2,912,878",+173,"65,714 ",,"2,842,802",+202,"4,362",48,"153,404","3,461","23,326,374","1,228,461","18,988,290 ",Europe,72891,9,,230
42,Sweden,"2,510,930",,"19,016 ",,"2,486,355",+228,"5,559",6,"245,647","1,860","18,622,701","1,821,879","10,221,702 ",Europe,45381,,,544
43,Iraq,"2,330,049",+236,"25,223 ",+1,"2,303,357",+146,"1,469",9,"55,508",601,"18,647,439","444,228","41,977,141 ",Asia,"181,6642",6,0.02,35
44,Serbia,"2,020,596",+258,"16,101 ",,"2,000,165",+262,"4,330",10,"233,084","1,857","9,793,592","1,129,730","8,668,966 ",Europe,45381,30,,499
45,Bangladesh,"1,954,243",+128,"29,131 ",,"1,905,337",+71,"19,775","1,328","11,641",174,"14,191,162","84,532","167,879,547 ",Asia,"865,76312",0.8,,118
46,Hungary,"1,921,486",,"46,571 ",,"1,853,094",,"21,821",8,"199,891","4,845","11,394,556","1,185,368","9,612,671 ",Europe,52061,,,"2,270"
47,Slovakia,"1,791,220",+28,"20,116 ",,"1,769,349",+26,"1,755",17,"327,775","3,681","7,159,130","1,310,048","5,464,783 ",Europe,32721,5,,321
48,Jordan,"1,697,271",,"14,068 ",,"1,682,962",,241,124,"163,198","1,353","16,834,239","1,618,665","10,400,076 ",Asia,67391,,,23
49,Georgia,"1,658,240",,"16,826 ",,"1,637,293",,"4,121",,"417,243","4,234","16,920,079","4,257,392","3,974,283 ",Asia,22360,,,"1,037"
50,Ireland,"1,570,519",,"7,383 ",,"1,547,727",+894,"15,409",22,"311,300","1,463","12,293,825","2,436,820","5,045,028 ",Europe,36830,,,"3,054"
51,Pakistan,"1,531,271",+94,"30,381 ",,"1,496,123",,"4,767",50,"6,680",133,"28,750,229","125,420","229,230,939 ",Asia,"1507,5458",0.4,,21
52,Norway,"1,437,343",+488,"3,210 ",,"1,429,621",+144,"4,512",20,"261,161",583,"11,002,430","1,999,111","5,503,661 ",Europe,"41,7151",89,,820
53,Singapore,"1,343,645","+2,389","1,398 ",+1,"1,263,653","+3,018","78,594",3,"226,210",235,"23,877,882","4,019,980","5,939,801 ",Asia,"44,2490",402,0.2,"13,232"
54,Kazakhstan,"1,305,867",+5,"13,663 ",+1,"1,292,109",+6,95,24,"67,966",711,"11,575,012","602,445","19,213,392 ",Asia,"151,4062",0.3,0.05,5
55,New Zealand,"1,242,497","+4,518","1,267 ",+6,"1,199,266","+4,482","41,964",,"248,395",253,"71,423,774","14,278,758","5,002,100 ",Australia/Oceania,"43,9480",903,1,"8,389"
56,Hong Kong,"1,219,912",+737,"9,390 ",,"1,197,195",+266,"13,327",5,"160,194","1,233","49,428,776","6,490,771","7,615,239 ",Asia,68110,97,,"1,750"
57,Morocco,"1,176,165",+561,"16,082 ",,"1,154,116",+378,"5,967",293,"31,147",426,"11,743,336","310,990","37,761,188 ",Africa,"322,3483",15,,158
58,Bulgaria,"1,167,147",+246,"37,204 ",+8,"1,063,059","+2,021","66,884",29,"170,466","5,434","10,051,305","1,468,030","6,846,797 ",Europe,61841,36,1,"9,769"
59,Croatia,"1,139,835",+19,"16,019 ",,"1,122,161",+260,"1,655",6,"281,020","3,949","4,905,321","1,209,379","4,056,066 ",Europe,42531,5,,408
60,Finland,"1,114,573",,"4,714 ",,N/A,N/A,N/A,21,"200,555",848,"10,977,262","1,975,233","5,557,453 ",Europe,"51,1791",,,"191,429"
61,Cuba,"1,105,631",+19,"8,529 ",,"1,096,934",+15,168,23,"97,729",754,"13,852,049","1,224,417","11,313,177 ",North America,"101,3261",2,,15
62,Lebanon,"1,101,247",+138,"10,446 ",+1,"1,087,510",+154,"3,291",186,"162,761","1,544","4,795,578","708,772","6,766,038 ",Asia,66481,20,0.1,486
63,Lithuania,"1,064,069",+23,"9,155 ",+2,"1,037,401",+82,"17,513",5,"401,763","3,457","9,989,932","3,771,924","2,648,498 ",Europe,22890,9,0.8,"6,612"
64,Tunisia,"1,043,540",,"28,648 ",,N/A,N/A,N/A,29,"86,536","2,376","4,640,840","384,842","12,059,066 ",Africa,124213,,,-983.82
65,Slovenia,"1,028,382",+72,"6,644 ",,"1,018,019",+60,"3,719",6,"494,535","3,195","2,673,666","1,285,730","2,079,493 ",Europe,23131,35,,"1,788"
66,Belarus,"982,867",,"6,978 ",,N/A,N/A,N/A,,"104,081",739,"13,220,483","1,399,988","9,443,281 ",Europe,"101,3531",,,"5,014"
67,Nepal,"979,271",+9,"11,952 ",,"967,217",+13,102,,"32,474",396,"5,730,656","190,036","30,155,659 ",Asia,"312,5235",0.3,,3
68,Uruguay,"943,877",,"7,290 ",,"928,373",,"8,214",18,"269,900","2,085","6,114,822","1,748,523","3,497,135 ",South America,44801,,,"2,349"
69,Mongolia,"926,282","+1,055","2,179 ",,N/A,N/A,N/A,192,"273,972",644,"4,030,048","1,191,994","3,380,931 ",Asia,"41,5521",312,,"180,674"
70,UAE,"918,815","+1,319","2,305 ",,"900,358","+1,076","16,152",,"90,767",228,"165,324,919","16,332,028","10,122,743 ",Asia,"114,3920",130,,"1,596"
71,Bolivia,"912,473",+201,"21,951 ",,"875,545",+466,"14,977",220,"76,150","1,832","2,705,422","225,779","11,982,608 ",South America,135464,17,,"1,250"
72,Costa Rica,"904,934",,"8,525 ",,"860,711",,"35,698",52,"174,544","1,644","4,659,757","898,775","5,184,562 ",North America,66081,,,"6,885"
73,Panama,"892,455","+1,106","8,307 ",+8,"862,527","+3,092","21,621",16,"200,695","1,868","6,416,881","1,443,026","4,446,824 ",North America,55351,249,2,"4,862"
74,Ecuador,"890,852",,"35,659 ",,N/A,N/A,N/A,759,"49,045","1,963","2,470,170","135,993","18,163,935 ",South America,205097,,,"22,644"
75,Guatemala,"871,263",+151,"18,293 ",+6,"845,301",,"7,669",5,"46,943",986,"4,756,204","256,263","18,559,873 ",North America,"211,0154",8,0.3,413
76,Latvia,"830,698",+417,"5,839 ",+2,"822,583",+329,"2,276",6,"450,077","3,164","7,288,563","3,948,985","1,845,680 ",Europe,23160,226,1,"1,233"
77,Azerbaijan,"792,847",,"9,714 ",,"783,019",,114,,"76,850",942,"6,901,005","668,905","10,316,866 ",Asia,"131,0621",,,11
78,Saudi Arabia,"778,983","+1,188","9,175 ",+2,"760,490",+923,"9,318",91,"21,718",256,"42,947,407","1,197,374","35,867,993 ",Asia,"463,9091",33,0.06,260
79,Sri Lanka,"663,960",+10,"16,519 ",,"646,983",+2,458,,"30,756",765,"6,486,117","300,453","21,587,805 ",Asia,"331,3073",0.5,,21
80,Paraguay,"652,044",,"18,932 ",,"624,673",,"8,439",2,"89,286","2,592","2,646,163","362,345","7,302,885 ",South America,113863,,,"1,156"
81,Kuwait,"636,240",,"2,555 ",,"631,350",,"2,335",22,"144,818",582,"8,149,895","1,855,046","4,393,366 ",Asia,"71,7201",,,531
82,Myanmar,"613,452",+9,"19,434 ",,"592,432",+8,"1,586",,"11,130",353,"8,284,098","150,295","55,118,982 ",Asia,"902,8367",0.2,,29
83,Bahrain,"597,184","+1,397","1,489 ",,"587,483",+886,"8,212",4,"328,749",820,"9,915,021","5,458,208","1,816,534 ",Asia,"31,2200",769,,"4,521"
84,Dominican Republic,"592,578",+896,"4,382 ",,"584,682","+1,486","3,514",19,"53,581",396,"3,411,051","308,429","11,059,420 ",North America,"192,5243",81,,318
85,Palestine,"582,669",,"5,356 ",,"577,132",,181,17,"109,279","1,005","3,078,533","577,375","5,331,948 ",Asia,99962,,,34
86,Estonia,"577,654",,"2,574 ",,"520,451",,"54,629",5,"434,892","1,938","3,386,999","2,549,935","1,328,269 ",Europe,25160,,,"41,128"
87,Venezuela,"524,321",+30,"5,724 ",,"517,479",+58,"1,118",230,"18,541",202,"3,359,014","118,780","28,279,333 ",South America,"544,9408",1,,40
88,Moldova,"519,234",+6,"11,554 ",+3,"504,142",,"3,538",49,"129,300","2,877","3,216,305","800,925","4,015,739 ",Europe,83481,1,0.7,881
89,Egypt,"515,645",,"24,613 ",,"442,182",,"48,850",122,"4,861",232,"3,693,367","34,815","106,086,832 ",Africa,"2064,31029",,,460
90,Libya,"502,040",,"6,430 ",,"490,973",,"4,637",101,"71,181",912,"2,477,219","351,231","7,052,961 ",Africa,"141,0973",,,657
91,Cyprus,"491,777",,"1,067 ",,"124,370",,"366,340",60,"401,632",871,"9,477,138","7,739,927","1,224,448 ",Asia,"21,1480",,,"299,188"
92,Ethiopia,"479,484",+521,"7,517 ",+1,"456,866",+147,"15,101",35,"3,979",62,"4,988,019","41,395","120,499,230 ",Africa,"25116,03024",4,0.01,125
93,Honduras,"425,655",,"10,902 ",,"132,430",,"282,323",105,"41,686","1,068","1,387,113","135,847","10,210,881 ",North America,249377,,,"27,649"
94,Armenia,"423,006",,"8,629 ",,"412,661",,"1,716",,"142,234","2,901","3,109,931","1,045,703","2,974,010 ",Asia,73451,,,577
95,Réunion,"418,585",,796 ,,"415,360",,"2,429",10,"461,131",877,"1,603,660","1,766,661","907,735 ",Africa,"21,1401",,,"2,676"
96,Oman,"389,758",,"4,260 ",,"384,669",,829,2,"72,728",795,"25,000,000","4,664,971","5,359,090 ",Asia,"141,2580",,,155
97,Bosnia and Herzegovina,"378,112",,"15,793 ",,N/A,N/A,N/A,,"116,660","4,873","1,782,950","550,096","3,241,159 ",Europe,92052,,,"52,482"
98,Qatar,"372,704",+443,677 ,,"369,363",+263,"2,664",,"132,739",241,"3,590,034","1,278,591","2,807,805 ",Asia,"84,1471",158,,949
99,Kenya,"327,145",+213,"5,651 ",,"319,669",+150,"1,825",,"5,834",101,"3,703,840","66,053","56,073,862 ",Africa,"1719,92315",4,,33
100,Zambia,"323,283",+61,"3,989 ",,"318,247",+101,"1,047",,"16,677",206,"3,507,848","180,959","19,384,745 ",Africa,"604,8606",3,,54
101,North Macedonia,"312,607",+69,"9,316 ",,"302,892",+85,399,,"150,060","4,472","2,057,112","987,473","2,083,208 ",Europe,72241,33,,192
102,Botswana,"310,431",,"2,701 ",,"304,887",,"2,843",1,"127,021","1,105","2,026,898","829,358","2,443,936 ",Africa,89051,,,"1,163"
103,Albania,"276,731",,"3,497 ",,"272,893",,341,2,"96,365","1,218","1,835,130","639,042","2,871,689 ",Europe,108212,,,119
104,Algeria,"265,937",+10,"6,875 ",,"178,442",+5,"80,620",6,"5,859",151,"230,861","5,086","45,390,507 ",Africa,"1716,602197",0.2,,"1,776"
105,Nigeria,"256,352",,"3,144 ",,"250,131",,"3,077",11,"1,186",15,"5,198,572","24,060","216,071,476 ",Africa,"84368,72542",,,14
106,Zimbabwe,"254,155",,"5,521 ",,"246,556",,"2,078",12,"16,629",361,"2,361,244","154,495","15,283,591 ",Africa,"602,7686",,,136
107,Luxembourg,"251,873",,"1,084 ",,"245,443",,"5,346",,"390,030","1,679","4,275,297","6,620,382","645,778 ",Europe,35960,,,"8,278"
108,Uzbekistan,"239,272",+9,"1,637 ",,"237,441",+12,194,23,"6,953",48,"1,377,915","40,041","34,412,290 ",Asia,"14421,02225",0.3,,6
109,Montenegro,"237,945",+44,"2,722 ",,"234,768",+26,455,6,"378,760","4,333","2,485,184","3,955,907","628,221 ",Europe,32310,70,,724
110,Mozambique,"226,481",+18,"2,206 ",,"223,783",+123,492,13,"6,872",67,"1,335,374","40,518","32,957,580 ",Africa,"14614,94025",0.5,,15
111,Laos,"210,158",+11,757 ,,N/A,N/A,N/A,,"28,093",101,"1,233,207","164,849","7,480,827 ",Asia,"369,8826",1,,"26,968"
112,Kyrgyzstan,"200,993",,"2,991 ",,"196,406",,"1,596",131,"29,850",444,"1,907,195","283,241","6,733,469 ",Asia,"342,2514",,,237
113,Iceland,"190,014",,153 ,,N/A,N/A,N/A,1,"549,890",443,"1,958,282","5,667,162","345,549 ",Europe,"22,2580",,,"330,419"
114,Martinique,"182,791",,943 ,,104,,"181,744",8,"487,834","2,517","828,928","2,212,250","374,699 ",North America,23970,,,"485,040"
115,Afghanistan,"180,864",,"7,709 ",,"163,215",,"9,940","1,124","4,451",190,"971,529","23,910","40,632,673 ",Asia,"2255,27142",,,245
116,Maldives,"179,979",+142,299 ,,"163,687",,"15,993",25,"321,935",535,"2,213,831","3,959,966","559,053 ",Asia,"31,8700",254,,"28,607"
117,Namibia,"168,448",+45,"4,049 ",,"162,463",+60,"1,936",,"64,040","1,539","1,050,977","399,555","2,630,367 ",Africa,166503,17,,736
118,Uganda,"166,319",+82,"3,602 ",+1,"100,395",+5,"62,322",6,"3,426",74,"2,731,155","56,256","48,548,800 ",Africa,"29213,47818",2,0.02,"1,284"
119,Trinidad and Tobago,"164,829",+106,"3,965 ",+2,"152,814",+944,"8,050",18,"117,041","2,815","760,781","540,213","1,408,299 ",North America,93552,75,1,"5,716"
120,El Salvador,"164,134",,"4,135 ",,"158,594",,"1,405",8,"25,059",631,"2,219,800","338,909","6,549,835 ",North America,"401,5843",,,215
121,Guadeloupe,"162,190",,949 ,,"2,250",,"158,991",19,"405,215","2,371","938,039","2,343,592","400,257 ",North America,24220,,,"397,222"
122,Ghana,"161,935",,"1,445 ",,"160,089",,401,,"5,008",45,"2,455,067","75,929","32,333,890 ",Africa,"20022,37613",,,12
123,Brunei ,"153,611",+518,225 ,,"150,550",+317,"2,836",,"344,710",505,"717,784","1,610,739","445,624 ",Asia,"31,9811","1,162",,"6,364"
124,Jamaica,"140,670",+207,"3,084 ",+1,"88,864",+131,"48,722",,"47,105","1,033","1,117,306","374,145","2,986,295 ",North America,219683,69,0.3,"16,315"
125,Cambodia,"136,262",,"3,056 ",,"133,206",,0,,"7,937",178,"2,978,201","173,465","17,168,838 ",Asia,"1265,6186",,,
126,Rwanda,"130,375",+30,"1,459 ",,"45,522",,"83,394",,"9,603",107,"5,494,233","404,691","13,576,353 ",Africa,"1049,3052",2,,"6,143"
127,Cameroon,"119,947",,"1,930 ",,"117,791",,226,13,"4,310",69,"1,751,774","62,945","27,830,381 ",Africa,"23214,42016",,,8
128,Angola,"99,761",,"1,900 ",,"97,149",,712,,"2,862",55,"1,499,795","43,031","34,853,471 ",Africa,"34918,34423",,,20
129,Malta,"96,290",+142,727 ,+1,"93,412",+73,"2,151",4,"216,953","1,638","1,938,234","4,367,074","443,829 ",Europe,56100,320,2,"4,846"
130,DRC,"89,932",,"1,345 ",,"50,930",,"37,657",,948,14,"846,704","8,926","94,853,927 ",Africa,"1,05570,523112",,,397
131,Senegal,"86,170",+6,"1,967 ",,"84,186",+7,17,,"4,896",112,"1,102,286","62,624","17,601,640 ",Africa,"2048,94816",0.3,,1.0
132,Malawi,"86,107",,"2,642 ",,"82,932",,533,67,"4,286",132,"586,740","29,204","20,090,863 ",Africa,"2337,60434",,,27
133,French Guiana,"84,507",,399 ,,"11,254",,"72,854",1,"269,361","1,272","644,972","2,055,812","313,731 ",South America,47860,,,"232,218"
134,Ivory Coast,"82,492",+5,799 ,,"81,591",+10,102,,"2,984",29,"1,532,951","55,445","27,648,050 ",Africa,"33534,60318",0.2,,4
135,Barbados,"82,318",+63,468 ,+1,"80,678",+119,"1,172",,"285,768","1,625","694,258","2,410,124","288,059 ",North America,36160,219,3,"4,069"
136,Suriname,"80,673",,"1,352 ",,"49,526",,"29,795",,"135,164","2,265","237,519","397,953","596,852 ",South America,74413,,,"49,920"
137,Channel Islands,"77,006",,176 ,,"76,220",,610,,"435,114",994,"1,252,808","7,078,851","176,979 ",Europe,"21,0060",,,"3,447"
138,French Polynesia,"73,106",+44,649 ,,N/A,N/A,N/A,7,"257,357","2,285",,,"284,065 ",Australia/Oceania,4438,155,,"137,141"
139,Eswatini,"72,904",+13,"1,410 ",,"71,378",+45,116,11,"61,599","1,191","1,031,608","871,644","1,183,520 ",Africa,168391,11,,98
140,Guyana,"65,926",+34,"1,240 ",+1,"63,706",+25,980,,"83,037","1,562","645,436","812,962","793,931 ",South America,126401,43,1,"1,234"
141,Fiji,"65,217",+58,865 ,+1,"63,246",+21,"1,106",,"71,740",952,"547,562","602,329","909,075 ",Australia/Oceania,"141,0512",64,1,"1,217"
142,Madagascar,"64,685",,"1,396 ",,"63,006",,283,6,"2,225",48,"453,438","15,596","29,074,832 ",Africa,"44920,82764",,,10
143,New Caledonia,"62,487",,313 ,,"61,746",,428,9,"214,855","1,076","98,964","340,277","290,834 ",Australia/Oceania,59293,,,"1,472"
144,Sudan,"62,475",+31,"4,950 ",,N/A,N/A,N/A,,"1,363",108,"562,941","12,281","45,839,520 ",Africa,"7349,26181",0.7,,375
145,Belize,"61,150",+287,678 ,,"58,605",+212,"1,867",6,"148,544","1,647","576,016","1,399,245","411,662 ",North America,76071,697,,"4,535"
146,Bhutan,"59,644",+8,21 ,,"59,616",+9,7,,"75,678",27,"2,303,734","2,923,045","788,128 ",Asia,"1337,5300",10,,9
147,Mauritania,"59,252",+5,982 ,,"58,158",+14,112,,"12,124",201,"843,713","172,636","4,887,233 ",Africa,"824,9776",1,,23
148,Cabo Verde,"57,096",,402 ,,"56,137",,557,23,"100,569",708,"401,416","707,057","567,728 ",Africa,"101,4121",,,981
149,Syria,"55,907",+3,"3,150 ",,"52,733",+9,24,,"3,051",172,"146,269","7,981","18,327,090 ",Asia,"3285,818125",0.2,,1
150,Gabon,"47,711",,304 ,,"47,322",,85,,"20,496",131,"1,598,933","686,878","2,327,828 ",Africa,"497,6571",,,37
151,Papua New Guinea,"44,644",,658 ,,"43,960",,26,7,"4,813",71,"249,149","26,858","9,276,518 ",Australia/Oceania,"20814,09837",,,3
152,Seychelles,"44,363",,167 ,,"43,905",,291,,"445,720","1,678",,,"99,531 ",Africa,2596,,,"2,924"
153,Curaçao,"44,127",,277 ,,"43,567",,283,3,"266,793","1,675","496,693","3,003,017","165,398 ",North America,45970,,,"1,711"
154,Andorra,"43,224",,153  ,,"42,810",,261,14,"557,693","1,974","249,838","3,223,508","77,505 ",Europe,25070,,,"3,368"
155,Burundi,"42,248",,38 ,,N/A,N/A,N/A,,"3,359",3,"345,742","27,485","12,579,153 ",Africa,"298331,03036",,,"3,294"
156,Aruba,"39,057",,216 ,,"37,058",,"1,783",1,"362,825","2,007","177,885","1,652,485","107,647 ",North America,34981,,,"16,563"
157,Mauritius,"38,060",,996 ,,"36,416",,648,,"29,831",781,"358,675","281,122","1,275,871 ",Africa,"341,2814",,,508
158,Mayotte,"37,523",,187 ,,"2,964",,"34,372",,"131,378",655,"176,919","619,440","285,611 ",Africa,"81,5272",,,"120,346"
159,Togo,"37,200",+4,273 ,,"36,865",+10,62,,"4,298",32,"746,290","86,217","8,655,912 ",Africa,"23331,70712",0.5,,7
160,Guinea,"36,597",,442 ,,"36,113",,42,8,"2,647",32,"660,107","47,747","13,825,236 ",Africa,"37831,27921",,,3
161,Tanzania,"35,354",,840 ,,N/A,N/A,N/A,7,561,13,,,"63,041,475 ",Africa,"1,78375,049",,,545
162,Bahamas,"35,351",+19,812 ,,"33,470",+64,"1,069",,"88,256","2,027","235,192","587,173","400,550 ",North America,114932,47,,"2,669"
163,Faeroe Islands,"34,658",,28 ,,N/A,N/A,N/A,5,"704,087",569,"778,000","15,805,298","49,224 ",Europe,"11,7580",,,"547,233"
164,Isle of Man,"33,251",,107 ,,"26,794",,"6,350",,"387,054","1,246","150,753","1,754,819","85,908 ",Europe,38031,,,"73,916"
165,Lesotho,"32,910",,697 ,,"24,155",,"8,058",,"15,129",320,"431,221","198,238","2,175,268 ",Africa,"663,1215",,,"3,704"
166,Mali,"31,127",+2,736 ,+1,"30,280",+4,111,,"1,456",34,"691,740","32,348","21,384,618 ",Africa,"68729,05531",0.09,0.05,5
167,Haiti,"31,004",,837 ,,"29,750",,417,,"2,656",72,"132,422","11,344","11,672,793 ",North America,"37613,94688",,,36
168,Benin,"26,952",,163 ,,"25,506",,"1,283",5,"2,115",13,"604,310","47,432","12,740,457 ",Africa,"47378,16221",,,101
169,Somalia,"26,675",+110,"1,350 ",,"13,182",,"12,143",,"1,592",81,"400,466","23,901","16,755,128 ",Africa,"62812,41142",7,,725
170,Saint Lucia,"26,584",+46,376 ,+5,"25,881",+215,327,2,"143,496","2,030","206,642","1,115,422","185,259 ",North America,74931,248,27,"1,765"
171,Cayman Islands,"25,318",,28 ,,"8,553",,"16,737",1,"376,627",417,"222,773","3,313,940","67,223 ",North America,"32,4010",,,"248,977"
172,Congo,"24,128",,385 ,,"20,178",,"3,565",,"4,173",67,"347,815","60,154","5,782,115 ",Africa,"24015,01817",,,617
173,Timor-Leste,"22,928",,133 ,,"22,774",,21,,"16,769",97,"268,125","196,103","1,367,265 ",Asia,"6010,2805",,,15
174,Solomon Islands,"21,237",,149 ,,"16,357",,"4,731",1,"29,511",207,"5,117","7,111","719,628 ",Australia/Oceania,"344,830141",,,"6,574"
175,Burkina Faso,"20,853",,382 ,,"20,439",,32,,947,17,"248,995","11,309","22,017,453 ",Africa,"1,05657,63788",,,1
176,Gibraltar,"18,806",,102 ,,"16,579",,"2,125",,"558,522","3,029","534,283","15,867,750","33,671 ",Europe,23300,,,"63,111"
177,Nicaragua,"18,491",,225 ,,"4,225",,"14,041",,"2,728",33,,,"6,777,797 ",North America,"36730,124",,,"2,072"
178,Grenada,"18,035",,231 ,,"17,523",,281,4,"158,847","2,035","168,212","1,481,561","113,537 ",North America,64921,,,"2,475"
179,South Sudan,"17,644",,138 ,,"13,644",,"3,862",1,"1,541",12,"401,608","35,078","11,448,890 ",Africa,"64982,96329",,,337
180,Liechtenstein,"17,628",+1,85 ,,"17,478",+5,65,2,"459,769","2,217","102,174","2,664,876","38,341 ",Europe,24510,26,,"1,695"
181,Tajikistan,"17,388",,124 ,,"17,264",,0,,"1,747",12,,,"9,954,095 ",Asia,"57280,275",,,
182,San Marino,"17,124",,115 ,,"16,910",,99,4,"502,612","3,375","152,231","4,468,183","34,070 ",Europe,22960,,,"2,906"
183,Equatorial Guinea,"15,945",+8,183 ,,"15,716",+5,46,5,"10,683",123,"333,092","223,166","1,492,576 ",Africa,"948,1564",5,,31
184,Djibouti,"15,686",,189 ,,"15,427",,70,,"15,440",186,"305,941","301,143","1,015,934 ",Africa,"655,3753",,,69
185,Bermuda,"15,428",,138 ,,"14,901",,389,,"249,519","2,232","931,509","15,065,404","61,831 ",North America,44480,,,"6,291"
186,CAR,"14,649",,113 ,,"6,859",,"7,677",2,"2,934",23,"81,294","16,282","4,993,027 ",Africa,"34144,18661",,,"1,538"
187,Dominica,"14,638",,67 ,,"14,284",,287,,"202,367",926,"207,131","2,863,536","72,334 ",North America,"51,0800",,,"3,968"
188,Samoa,"14,315",+128,28 ,,"1,605",,"12,682",4,"71,227",139,"133,069","662,111","200,977 ",Australia/Oceania,"147,1782",637,,"63,102"
189,Monaco,"12,489",+3,57 ,,"12,310",+35,122,4,"313,928","1,433","66,898","1,681,573","39,783 ",Europe,36981,75,,"3,067"
190,Gambia,"12,002",,365 ,,"11,591",,46,,"4,709",143,"155,686","61,086","2,548,640 ",Africa,"2126,98316",,,18
191,Greenland,"11,971",,21 ,,"2,761",,"9,189",4,"210,161",369,"164,926","2,895,420","56,961 ",North America,"52,7120",,,"161,321"
192,Tonga,"11,909",,12 ,,"11,517",,380,,"110,244",111,"535,009","4,952,686","108,024 ",Australia/Oceania,"99,0020",,,"3,518"
193,Yemen,"11,822",,"2,149 ",,"9,107",,566,23,380,69,"265,253","8,528","31,102,983 ",Asia,"2,63114,473117",,,18
194,Saint Martin,"10,668",,63 ,,"1,399",,"9,206",7,"267,047","1,577","112,382","2,813,207","39,948 ",North America,46340,,,"230,450"
195,Vanuatu,"10,575",+24,14 ,,"10,263",+297,298,1,"32,934",44,"24,976","77,783","321,097 ",Australia/Oceania,"3022,93613",75,,928
196,Sint Maarten,"10,508",+74,86 ,,"10,368",+76,54,10,"239,788","1,962","62,056","1,416,092","43,822 ",North America,45101,"1,689",,"1,232"
197,Caribbean Netherlands,"10,219",+46,35 ,,"10,145",+36,39,,"382,777","1,311","30,126","1,128,441","26,697 ",North America,37631,"1,723",,"1,461"
198,Eritrea,"9,771",,103 ,,"9,663",,5,,"2,683",28,"23,693","6,506","3,641,853 ",Africa,"37335,358154",,,1
199,Niger,"9,031",,310 ,,"8,628",,93,1,349,12,"254,538","9,824","25,909,734 ",Africa,"2,86983,580102",,,4
200,Antigua and Barbuda,"8,531",+39,140 ,,"8,235",,156,1,"85,734","1,407","18,901","189,948","99,506 ",North America,127115,392,,"1,568"
201,Guinea-Bissau,"8,306",,171 ,,"8,076",,59,6,"4,035",83,"140,579","68,295","2,058,422 ",Africa,"24812,03815",,,29
202,Comoros,"8,100",,160 ,,"7,933",,7,,"8,944",177,,,"905,613 ",Africa,"1125,660",,,8
203,Sierra Leone,"7,685",+1,125 ,,N/A,N/A,N/A,,927,15,"259,958","31,349","8,292,350 ",Africa,"1,07966,33932",0.1,,331
204,Liberia,"7,459",,294 ,,"5,747",,"1,418",2,"1,410",56,"139,824","26,438","5,288,769 ",Africa,"70917,98938",,,268
205,Chad,"7,420",+2,193 ,,"4,874",,"2,353",,428,11,"191,341","11,033","17,342,051 ",Africa,"2,33789,85591",0.1,,136
206,St. Vincent Grenadines,"6,969",,108 ,,"6,641",,220,,"62,432",968,"99,956","895,462","111,625 ",North America,"161,0341",,,"1,971"
207,British Virgin Islands,"6,902",,63 ,,N/A,N/A,N/A,1,"225,394","2,057","104,740","3,420,417","30,622 ",North America,44860,,,"2,221"
208,Turks and Caicos,"6,160",,36 ,,"6,086",,38,4,"155,027",906,"521,408","13,122,134","39,735 ",North America,"61,1040",,,956
209,Sao Tome and Principe,"6,010",+7,73 ,,"5,930",+12,7,,"26,467",321,"29,036","127,872","227,071 ",Africa,"383,1118",31,,31
210,Saint Kitts and Nevis,"5,852",+1,43 ,,"5,759",+1,50,,"108,509",797,"88,974","1,649,775","53,931 ",North America,"91,2541",19,,927
211,Cook Islands,"5,717",,1 ,,"5,705",,11,,"324,922",57,"19,314","1,097,698","17,595 ",Australia/Oceania,"317,5951",,,625
212,Palau,"5,145",,6 ,,"4,461",,678,1,"281,733",329,"58,092","3,181,032","18,262 ",Australia/Oceania,"43,0440",,,"37,126"
213,St. Barth,"4,630",,6 ,,N/A,N/A,N/A,,"465,982",604,"78,646","7,915,258","9,936 ",North America,"21,6560",,,"418,881"
214,Anguilla,"3,374",+32,9 ,,"3,335",+24,30,4,"221,057",590,"51,382","3,366,442","15,263 ",North America,"51,6960","2,097",,"1,966"
215,Kiribati,"3,209",+5,13 ,,"2,623",+15,573,3,"26,087",106,,,"123,012 ",Australia/Oceania,"389,462",41,,"4,658"
216,Saint Pierre Miquelon,"2,765",,1 ,,"2,449",,315,1,"481,791",174,"23,978","4,178,080","5,739 ",North America,"25,7390",,,"54,888"
217,Falkland Islands,"1,733",, ,,N/A,N/A,N/A,,"471,308",,"8,632","2,347,566","3,677 ",South America,20,,,"437,585"
218,Montserrat,"1,012",,8 ,,991,,13,,"202,481","1,601","13,361","2,673,269","4,998 ",North America,56250,,,"2,601"
219,Diamond Princess,712,,13 ,,699,,0,,,,,, ,,,,,
220,Wallis and Futuna,454,,7 ,,438,,9,,"41,816",645,"20,508","1,888,920","10,857 ",Australia/Oceania,"241,5511",,,829
221,Macao,83,, ,,83,,0,,125,,"5,584","8,378","666,545 ",Asia,"8,031119",,,
222,Micronesia,35,, ,,33,,2,,298,,"21,923","186,790","117,367 ",Australia/Oceania,"3,3535",,,17
223,Vatican City,29,, ,,29,,0,,"36,025",,,,805 ,Europe,28,,,
224,Marshall Islands,18,, ,,17,,1,,300,,,,"59,967 ",Australia/Oceania,"3,332",,,17
225,Nauru,13,, ,,8,,5,,"1,187",,,,"10,956 ",Australia/Oceania,843,,,456
226,Western Sahara,10,,1 ,,9,,0,,16,2,,,"625,888 ",Africa,"62,589625,888",,,
227,MS Zaandam,9,,2 ,,7,,0,,,,,, ,,,,,
228,Niue,9,, ,,9,,0,,"5,464",,,,"1,647 ",Australia/Oceania,183,,,
229,Tuvalu,3,, ,,,,3,,248,,,,"12,075 ",Australia/Oceania,"4,025",,,248
230,Saint Helena,2,, ,,2,,0,,327,,,,"6,112 ",Africa,"3,056",,,
,Total:,"158,925,688","+125,415","1,435,185",+180,"152,929,111","+190,442","4,561,392","10,588",,,,,,Asia, ,,,,,
,Total:,"103,256,375","+57,139","1,479,791",+156,"97,100,211","+95,282","4,676,373","8,172",,,,,,North America, ,,,,,
,Total:,"58,505,679","+50,482","1,301,112",+82,"55,484,157","+43,126","1,720,410","10,530",,,,,,South America, ,,,,,
,Total:,"198,863,782","+78,826","1,847,913",+266,"190,417,026","+151,396","6,598,843","5,766",,,,,,Europe, ,,,,,
,Total:,"9,195,548","+24,336","13,040",+18,"8,867,677","+29,626","314,831",119,,,,,,Australia/Oceania, ,,,,,
,Total:,"12,207,688","+2,271","255,338",+28,"11,414,180","+3,160","538,170",988,,,,,,Africa, ,,,,,
,Total:,721,,15,,706,,0,0,,,,,,, ,,,,,
,Total:,"540,955,481","+338,469","6,332,394",+730,"516,213,068","+513,032","18,410,019","36,163","69,399.5",812.4,,,,All,,,,,,,
#,"Country,Other",TotalCases,NewCases,TotalDeaths,NewDeaths,TotalRecovered,NewRecovered,ActiveCases,"Serious,Critical",Tot Cases/1M pop,Deaths/1M pop,TotalTests,Tests/,1M pop,,Population,Continent,1 Caseevery X ppl1 Deathevery X ppl1 Testevery X ppl,New Cases/1M pop,New Deaths/1M pop,Active Cases/1M pop
,,Asia,,"158,800,273","+140,855","1,435,005",+246,"152,738,669","+184,131","4,626,599","10,586",,,,,,Asia,,,,,,,
,,North America,,"103,199,236","+56,351","1,479,635",+103,"97,004,929","+82,432","4,714,672","8,179",,,,,,North America,,,,,,,
,,South America,,"58,455,197","+27,513","1,301,030",+80,"55,441,031","+7,092","1,713,136","10,526",,,,,,South America,,,,,,,
,,Europe,,"198,784,956","+121,991","1,847,647",+145,"190,265,630","+90,718","6,671,679","5,757",,,,,,Europe,,,,,,,
,,Oceania,,"9,171,212","+25,448","13,022",+30,"8,838,051","+22,022","320,139",129,,,,,,Australia/Oceania,,,,,,,
,,Africa,,"12,205,417","+3,015","255,310",+9,"11,411,020","+5,817","539,087",975,,,,,,Africa,,,,,,,
,,,,721,,15,,706,,0,0,,,,,,,,,,,,,
,World,"540,617,012","+375,173","6,331,664",+613,"515,700,036","+392,212","18,585,312","36,152","69,356",812.3,,,,All,,,,,,,
1,China,"224,793",+134,"5,226 ",,"218,704",+57,863,21,156,4,"160,000,000","111,163","1,439,323,776 ",Asia,"6,403275,4169",0.09,,0.6
2,USA,"87,375,424","+46,031","1,035,967 ",+46,"83,160,719","+75,264","3,178,738","2,812","260,996","3,095","1,039,618,470","3,105,411","334,776,423 ",North America,43230,137,0.1,"9,495"
3,India,"43,232,004","+9,987","524,771 ",+10,"42,657,335","+4,592","49,898",698,"30,740",373,"854,859,461","607,842","1,406,384,242 ",Asia,"332,6802",7,0.01,35
4,Brazil,"31,456,865","+7,192","668,177 ",+43,"30,182,173",,"606,515","8,318","145,973","3,101","63,776,166","295,949","215,497,163 ",South America,73233,33,0.2,"2,814"
5,France,"29,849,919","+79,397","148,749 ",,"29,210,587","+4,386","490,583",869,"455,346","2,269","271,490,188","4,141,455","65,554,307 ",Europe,24410,"1,211",,"7,484"
6,Germany,"26,847,783",+359,"140,183 ",+3,"25,882,900","+12,100","824,700",631,"318,461","1,663","122,332,384","1,451,073","84,304,782 ",Europe,36011,4,0.04,"9,782"
7,UK,"22,401,172","+9,410","179,255 ",+19,"22,036,940","+8,505","184,977",188,"326,646","2,614","522,526,476","7,619,299","68,579,336 ",Europe,33830,137,0.3,"2,697"
8,Russia,"18,376,587","+3,403","380,020 ",+65,"17,794,561","+3,480","202,006","2,300","125,819","2,602","273,400,000","1,871,883","146,056,108 ",Europe,83841,23,0.4,"1,383"
9,S. Korea,"18,225,460","+7,382","24,371 ",+20,"17,993,572","+23,928","207,517",98,"354,892",475,"15,804,065","307,742","51,354,960 ",Asia,"32,1073",144,0.4,"4,041"
10,Italy,"17,653,672","+19,065","167,391 ",+26,"16,863,770","+18,036","622,511",183,"292,817","2,776","223,025,536","3,699,274","60,289,007 ",Europe,33600,316,0.4,"10,325"
11,Turkey,"15,072,747",,"98,965 ",,"14,971,256",,"2,526",975,"175,054","1,149","162,743,369","1,890,088","86,103,597 ",Asia,68701,,,29
12,Spain,"12,478,994",,"107,108 ",,"11,939,322",,"432,564",339,"266,702","2,289","471,036,328","10,067,034","46,789,983 ",Europe,44370,,,"9,245"
13,Vietnam,"10,731,812",+568,"43,083 ",,"9,553,193","+5,274","1,135,536",24,"108,357",435,"85,819,388","866,500","99,041,436 ",Asia,"92,2991",6,,"11,465"
14,Argentina,"9,313,453","+5,263","128,994 ",+3,"8,895,999",,"288,460",344,"202,457","2,804","35,716,069","776,400","46,002,135 ",South America,53571,114,0.07,"6,271"
15,Japan,"9,038,604","+14,684","30,879 ",+13,"8,844,362","+19,348","163,363",66,"71,892",246,"53,936,990","429,011","125,723,891 ",Asia,"144,0722",117,0.1,"1,299"
16,Netherlands,"8,106,153","+1,893","22,336 ",+2,"8,043,511","+1,425","40,306",33,"471,053","1,298","21,107,399","1,226,563","17,208,579 ",Europe,27701,110,0.1,"2,342"
17,Australia,"7,615,399","+20,865","9,047 ",+23,"7,388,112","+17,550","218,240",96,"292,056",347,"72,736,713","2,789,504","26,075,142 ",Australia/Oceania,"32,8820",800,0.9,"8,370"
18,Iran,"7,233,688",+160,"141,350 ",+1,"7,058,972",+307,"33,366",372,"84,031","1,642","52,298,398","607,533","86,083,213 ",Asia,126092,2,0.01,388
19,Colombia,"6,117,847",,"139,894 ",,"5,943,925",,"34,028",342,"117,793","2,694","35,175,528","677,268","51,937,378 ",South America,83711,,,655
20,Indonesia,"6,060,488",+551,"156,643 ",+2,"5,899,111",+353,"4,734","2,771","21,711",561,"99,560,389","356,659","279,147,249 ",Asia,"461,7823",2,0.01,17
21,Poland,"6,010,045",+56,"116,371 ",,"5,335,557",+6,"558,117",408,"159,139","3,081","36,410,576","964,109","37,766,035 ",Europe,63251,1,,"14,778"
22,Mexico,"5,821,262","+6,396","325,186 ",+42,"5,085,666","+2,287","410,410","4,798","44,246","2,472","16,143,751","122,704","131,566,572 ",North America,234058,49,0.3,"3,119"
23,Ukraine,"5,014,929",,"108,605 ",,N/A,N/A,N/A,177,"116,024","2,513","19,521,252","451,639","43,223,130 ",Europe,93982,,,"19,626"
24,Portugal,"4,917,127",,"23,531 ",,"4,262,140","+24,287","631,456",61,"484,975","2,321","42,825,431","4,223,865","10,138,920 ",Europe,24310,,,"62,280"
25,Malaysia,"4,526,298","+1,571","35,712 ",+1,"4,468,191","+1,887","22,395",26,"136,448","1,077","60,330,396","1,818,699","33,172,274 ",Asia,79291,47,0.03,675
26,Thailand,"4,484,863","+2,474","30,337 ",+20,"4,432,199","+4,236","22,327","1,496","63,941",433,"17,270,775","246,231","70,140,482 ",Asia,"162,3124",35,0.3,318
27,DPRK,"4,432,800","+40,070",72 ,+1,"4,361,560","+46,050","71,168",,"170,502",3,,,"25,998,461 ",Asia,"6361,090","1,541",0.04,"2,737"
28,Austria,"4,291,416","+2,989","18,697 ",+3,"4,228,720","+2,260","43,999",33,"471,257","2,053","188,725,160","20,724,658","9,106,310 ",Europe,24870,328,0.3,"4,832"
29,Israel,"4,183,485","+3,697","10,882 ",+11,"4,144,910","+4,434","27,693",150,"448,583","1,167","41,373,364","4,436,346","9,326,000 ",Asia,28570,396,1,"2,969"
30,Belgium,"4,170,252",,"31,816 ",,"4,084,581","+4,831","53,855",66,"356,807","2,722","34,197,937","2,925,980","11,687,686 ",Europe,33670,,,"4,608"
31,South Africa,"3,978,590",+962,"101,484 ",+7,"3,854,873","+1,204","22,233",192,"65,478","1,670","25,495,097","419,585","60,762,580 ",Africa,155992,16,0.1,366
32,Czechia,"3,922,969",+89,"40,303 ",+2,"3,881,521",+229,"1,145",4,"365,009","3,750","55,461,297","5,160,341","10,747,604 ",Europe,32670,8,0.2,107
33,Canada,"3,897,450",+659,"41,519 ",+2,"3,545,851",+695,"310,080",252,"101,534","1,082","62,220,040","1,620,923","38,385,559 ",North America,109251,17,0.05,"8,078"
34,Chile,"3,820,009","+11,039","58,095 ",+19,"3,537,892","+4,849","224,022",152,"196,551","2,989","39,375,938","2,026,007","19,435,247 ",South America,53350,568,1.0,"11,527"
35,Philippines,"3,693,222",+308,"60,461 ",,"3,629,843",+195,"2,918",440,"32,853",538,"30,426,763","270,660","112,416,830 ",Asia,"301,8594",3,,26
36,Switzerland,"3,667,742",,"13,967 ",,"3,622,528","+1,838","31,247",44,"417,849","1,591","21,153,745","2,409,947","8,777,680 ",Europe,26280,,,"3,560"
37,Peru,"3,590,882","+1,100","213,324 ",+8,"3,367,031",+288,"10,527",140,"106,036","6,299","31,006,663","915,600","33,864,868 ",South America,91591,32,0.2,311
38,Greece,"3,500,489","+3,682","30,020 ",+8,"3,423,217","+5,276","47,252",110,"339,060","2,908","83,576,762","8,095,305","10,324,103 ",Europe,33440,357,0.8,"4,577"
39,Denmark,"2,990,478",,"6,404 ",,"2,976,888",+442,"7,186",9,"512,783","1,098","127,515,122","21,865,265","5,831,858 ",Europe,29110,,,"1,232"
40,Romania,"2,912,705",+168,"65,714 ",+1,"2,842,600",+292,"4,391",48,"153,395","3,461","23,326,374","1,228,461","18,988,290 ",Europe,72891,9,0.05,231
41,Taiwan,"2,892,253","+50,647","4,171 ",+163,"1,382,576","+66,016","1,505,506",,"121,012",175,"19,545,394","817,779","23,900,579 ",Asia,"85,7301","2,119",7,"62,990"
42,Sweden,"2,510,930",,"19,016 ",,"2,486,127",+676,"5,787",6,"245,647","1,860","18,622,701","1,821,879","10,221,702 ",Europe,45381,,,566
43,Iraq,"2,329,813",+151,"25,222 ",,"2,303,211",+152,"1,380",11,"55,502",601,"18,642,914","444,121","41,977,141 ",Asia,"181,6642",4,,33
44,Serbia,"2,020,338",+165,"16,101 ",+2,"1,999,903",+290,"4,334",12,"233,054","1,857","9,786,426","1,128,903","8,668,966 ",Europe,45381,19,0.2,500
45,Bangladesh,"1,954,115",+109,"29,131 ",,"1,905,266",+91,"19,718","1,328","11,640",174,"14,184,474","84,492","167,879,547 ",Asia,"865,76312",0.6,,117
46,Hungary,"1,921,486",,"46,571 ",,"1,853,094",,"21,821",8,"199,891","4,845","11,394,556","1,185,368","9,612,671 ",Europe,52061,,,"2,270"
47,Slovakia,"1,791,192",+68,"20,116 ",+2,"1,769,323",+84,"1,753",17,"327,770","3,681","7,158,886","1,310,004","5,464,783 ",Europe,32721,12,0.4,321
48,Jordan,"1,697,271",,"14,068 ",,"1,682,962",,241,124,"163,198","1,353","16,834,239","1,618,665","10,400,076 ",Asia,67391,,,23
49,Georgia,"1,658,240",,"16,826 ",,"1,637,293",,"4,121",,"417,243","4,234","16,920,079","4,257,392","3,974,283 ",Asia,22360,,,"1,037"
50,Ireland,"1,570,519",,"7,383 ",,"1,546,833","+1,333","16,303",24,"311,300","1,463","12,282,059","2,434,488","5,045,028 ",Europe,36830,,,"3,231"
51,Pakistan,"1,531,177",+67,"30,381 ",,"1,496,123",,"4,673",47,"6,680",133,"28,738,295","125,368","229,230,939 ",Asia,"1507,5458",0.3,,20
52,Norway,"1,436,855",+96,"3,210 ",,"1,429,477",+244,"4,168",20,"261,073",583,"11,002,430","1,999,111","5,503,661 ",Europe,"41,7151",17,,757
53,Singapore,"1,341,256","+2,503","1,397 ",,"1,260,635","+3,349","79,224",4,"225,808",235,"23,877,882","4,019,980","5,939,801 ",Asia,"44,2520",421,,"13,338"
54,Kazakhstan,"1,305,862",+13,"13,662 ",,"1,292,103",+10,97,24,"67,966",711,"11,575,012","602,445","19,213,392 ",Asia,"151,4062",0.7,,5
55,New Zealand,"1,237,979","+4,529","1,261 ",+7,"1,194,784","+4,472","41,934",,"247,492",252,"71,423,774","14,278,758","5,002,100 ",Australia/Oceania,"43,9670",905,1,"8,383"
56,Hong Kong,"1,219,175",+814,"9,390 ",,"1,196,929",+278,"12,856",5,"160,097","1,233","49,428,776","6,490,771","7,615,239 ",Asia,68110,107,,"1,688"
57,Morocco,"1,175,604",+500,"16,082 ",,"1,153,738",+233,"5,784",293,"31,133",426,"11,738,659","310,866","37,761,188 ",Africa,"322,3483",13,,153
58,Bulgaria,"1,166,901",+42,"37,196 ",,"1,061,038",+17,"68,667",26,"170,430","5,433","10,046,216","1,467,287","6,846,797 ",Europe,61841,6,,"10,029"
59,Croatia,"1,139,816",+204,"16,019 ",+3,"1,121,901",+294,"1,896",5,"281,015","3,949","4,904,530","1,209,184","4,056,066 ",Europe,42531,50,0.7,467
60,Finland,"1,114,573",,"4,714 ",,N/A,N/A,N/A,21,"200,555",848,"10,977,262","1,975,233","5,557,453 ",Europe,"51,1791",,,"191,429"
61,Cuba,"1,105,612",+20,"8,529 ",,"1,096,919",+19,164,23,"97,728",754,"13,852,049","1,224,417","11,313,177 ",North America,"101,3261",2,,14
62,Lebanon,"1,101,109",+238,"10,445 ",+1,"1,087,356",,"3,308",186,"162,741","1,544","4,795,578","708,772","6,766,038 ",Asia,66481,35,0.1,489
63,Lithuania,"1,064,046",+31,"9,153 ",,"1,037,319",+77,"17,574",8,"401,755","3,456","9,989,932","3,771,924","2,648,498 ",Europe,22890,12,,"6,635"
64,Tunisia,"1,043,540",,"28,648 ",,N/A,N/A,N/A,29,"86,536","2,376","4,640,840","384,842","12,059,066 ",Africa,124213,,,-983.82
65,Slovenia,"1,028,310",+139,"6,644 ",,"1,017,959",+93,"3,707",6,"494,500","3,195","2,673,070","1,285,443","2,079,493 ",Europe,23131,67,,"1,783"
66,Belarus,"982,867",,"6,978 ",,N/A,N/A,N/A,,"104,081",739,"13,220,483","1,399,988","9,443,281 ",Europe,"101,3531",,,"5,014"
67,Nepal,"979,262",+11,"11,952 ",,"967,204",+12,106,,"32,474",396,"5,728,570","189,967","30,155,659 ",Asia,"312,5235",0.4,,4
68,Uruguay,"943,877","+2,263","7,290 ",+5,"928,373","+1,386","8,214",18,"269,900","2,085","6,114,822","1,748,523","3,497,135 ",South America,44801,647,1,"2,349"
69,Mongolia,"925,227",,"2,179 ",,N/A,N/A,N/A,192,"273,660",644,"4,030,048","1,191,994","3,380,931 ",Asia,"41,5521",,,"180,362"
70,UAE,"917,496","+1,249","2,305 ",,"899,282",+977,"15,909",,"90,637",228,"165,144,844","16,314,239","10,122,743 ",Asia,"114,3920",123,,"1,572"
71,Bolivia,"912,272",+237,"21,951 ",,"875,079",+437,"15,242",220,"76,133","1,832","2,705,422","225,779","11,982,608 ",South America,135464,20,,"1,272"
72,Costa Rica,"904,934",,"8,525 ",,"860,711",,"35,698",52,"174,544","1,644","4,659,757","898,775","5,184,562 ",North America,66081,,,"6,885"
73,Panama,"891,349","+1,389","8,299 ",+1,"859,435","+3,465","23,615",16,"200,446","1,866","6,410,918","1,441,685","4,446,824 ",North America,55361,312,0.2,"5,311"
74,Ecuador,"890,852",+311,"35,659 ",+1,N/A,N/A,N/A,759,"49,045","1,963","2,470,170","135,993","18,163,935 ",South America,205097,17,0.06,"22,644"
75,Guatemala,"871,112",+215,"18,287 ",+5,"845,301",+160,"7,524",5,"46,935",985,"4,754,409","256,166","18,559,873 ",North America,"211,0154",12,0.3,405
76,Latvia,"830,281",,"5,837 ",,"822,254",,"2,190",6,"449,851","3,163","7,283,849","3,946,431","1,845,680 ",Europe,23160,,,"1,187"
77,Azerbaijan,"792,847",,"9,714 ",,"783,019",,114,,"76,850",942,"6,901,005","668,905","10,316,866 ",Asia,"131,0621",,,11
78,Saudi Arabia,"777,795",+905,"9,173 ",+3,"759,567",+746,"9,055",96,"21,685",256,"42,910,389","1,196,342","35,867,993 ",Asia,"463,9101",25,0.08,252
79,Sri Lanka,"663,950",+13,"16,519 ",,"646,981",+2,450,,"30,756",765,"6,486,117","300,453","21,587,805 ",Asia,"331,3073",0.6,,21
80,Paraguay,"652,044",,"18,932 ",,"624,673",,"8,439",2,"89,286","2,592","2,646,163","362,345","7,302,885 ",South America,113863,,,"1,156"
81,Kuwait,"636,240",+372,"2,555 ",,"631,350",+165,"2,335",22,"144,818",582,"8,149,895","1,855,046","4,393,366 ",Asia,"71,7201",85,,531
82,Myanmar,"613,443",+3,"19,434 ",,"592,424",+1,"1,585",,"11,129",353,"8,276,726","150,161","55,118,982 ",Asia,"902,8367",0.05,,29
83,Bahrain,"595,787","+1,166","1,489 ",,"586,597",+690,"7,701",5,"327,980",820,"9,909,427","5,455,129","1,816,534 ",Asia,"31,2200",642,,"4,239"
84,Dominican Republic,"591,682",+918,"4,382 ",+2,"583,196",,"4,104",14,"53,500",396,"3,401,291","307,547","11,059,420 ",North America,"192,5243",83,0.2,371
85,Palestine,"582,669",+174,"5,356 ",,"577,132",+139,181,17,"109,279","1,005","3,078,533","577,375","5,331,948 ",Asia,99962,33,,34
86,Estonia,"577,654",,"2,574 ",,"520,451",,"54,629",5,"434,892","1,938","3,386,999","2,549,935","1,328,269 ",Europe,25160,,,"41,128"
87,Venezuela,"524,291",+75,"5,724 ",+1,"517,421",+53,"1,146",230,"18,540",202,"3,359,014","118,780","28,279,333 ",South America,"544,9408",3,0.04,41
88,Moldova,"519,228",+227,"11,551 ",+7,"504,142",,"3,535",49,"129,298","2,876","3,216,305","800,925","4,015,739 ",Europe,83481,57,2,880
89,Egypt,"515,645",,"24,613 ",,"442,182",,"48,850",122,"4,861",232,"3,693,367","34,815","106,086,832 ",Africa,"2064,31029",,,460
90,Libya,"502,040",,"6,430 ",,"490,973",,"4,637",101,"71,181",912,"2,477,219","351,231","7,052,961 ",Africa,"141,0973",,,657
91,Cyprus,"491,777",,"1,067 ",,"124,370",,"366,340",60,"401,632",871,"9,477,138","7,739,927","1,224,448 ",Asia,"21,1480",,,"299,188"
92,Ethiopia,"478,963",+419,"7,516 ",,"456,719",+82,"14,728",22,"3,975",62,"4,984,382","41,364","120,499,230 ",Africa,"25216,03224",3,,122
93,Honduras,"425,655",,"10,902 ",,"132,430",,"282,323",105,"41,686","1,068","1,387,113","135,847","10,210,881 ",North America,249377,,,"27,649"
94,Armenia,"423,006",,"8,629 ",,"412,661",,"1,716",,"142,234","2,901","3,109,931","1,045,703","2,974,010 ",Asia,73451,,,577
95,Réunion,"418,585",,796 ,,"415,360",,"2,429",10,"461,131",877,"1,603,660","1,766,661","907,735 ",Africa,"21,1401",,,"2,676"
96,Oman,"389,758",,"4,260 ",,"384,669",,829,2,"72,728",795,"25,000,000","4,664,971","5,359,090 ",Asia,"141,2580",,,155
97,Bosnia and Herzegovina,"378,112",+29,"15,793 ",,N/A,N/A,N/A,,"116,660","4,873","1,782,950","550,096","3,241,159 ",Europe,92052,9,,"52,482"
98,Qatar,"372,261",+415,677 ,,"369,100",+283,"2,484",,"132,581",241,"3,586,479","1,277,325","2,807,805 ",Asia,"84,1471",148,,885
99,Kenya,"326,932",+195,"5,651 ",,"319,519",+100,"1,762",,"5,830",101,"3,701,693","66,015","56,073,862 ",Africa,"1729,92315",3,,31
100,Zambia,"323,222",+164,"3,989 ",,"318,146",+130,"1,087",,"16,674",206,"3,506,348","180,882","19,384,745 ",Africa,"604,8606",8,,56
101,North Macedonia,"312,538",,"9,316  ",,"302,807",,415,,"150,027","4,472","2,055,472","986,686","2,083,208 ",Europe,72241,,,199
102,Botswana,"310,431",,"2,701 ",,"304,887",,"2,843",1,"127,021","1,105","2,026,898","829,358","2,443,936 ",Africa,89051,,,"1,163"
103,Albania,"276,731",+41,"3,497 ",,"272,893",+28,341,2,"96,365","1,218","1,835,130","639,042","2,871,689 ",Europe,108212,14,,119
104,Algeria,"265,927",+2,"6,875 ",,"178,437",+2,"80,615",6,"5,859",151,"230,861","5,086","45,390,507 ",Africa,"1716,602197",0.04,,"1,776"
105,Nigeria,"256,352",,"3,144 ",,"250,131",,"3,077",11,"1,186",15,"5,198,572","24,060","216,071,476 ",Africa,"84368,72542",,,14
106,Zimbabwe,"254,155",+57,"5,521 ",,"246,556",+149,"2,078",12,"16,629",361,"2,361,244","154,495","15,283,591 ",Africa,"602,7686",4,,136
